USE vk;

-- Заносим данные "users"
INSERT IGNORE INTO `users` (`id`, `email`, `phone`, `created_at`, `updated_at`) VALUES (NULL, 'gulgowski.ayana@example.net', '(519)507-8894x712', '1987-05-29 23:12:43', '1994-09-12 01:13:10');
INSERT IGNORE INTO `users` (`id`, `email`, `phone`, `created_at`, `updated_at`) VALUES (NULL, 'lowe.annamarie@example.com', '486-177-7426x513', '1999-04-26 18:44:16', '1973-09-18 11:33:09');
INSERT IGNORE INTO `users` (`id`, `email`, `phone`, `created_at`, `updated_at`) VALUES (NULL, 'ignatius94@example.net', '00073256926', '1998-06-17 01:02:57', '1970-07-15 02:47:48');
INSERT IGNORE INTO `users` (`id`, `email`, `phone`, `created_at`, `updated_at`) VALUES (NULL, 'anderson.cora@example.net', '911.471.4980', '1972-10-31 10:54:10', '2013-11-14 00:13:55');
INSERT IGNORE INTO `users` (`id`, `email`, `phone`, `created_at`, `updated_at`) VALUES (NULL, 'towne.laury@example.org', '693-004-0101x60376', '1974-10-28 15:35:21', '1989-10-20 17:47:00');
INSERT IGNORE INTO `users` (`id`, `email`, `phone`, `created_at`, `updated_at`) VALUES (NULL, 'broderick.larson@example.org', '1-785-959-9104', '2017-08-24 19:02:26', '2000-07-05 20:55:58');
INSERT IGNORE INTO `users` (`id`, `email`, `phone`, `created_at`, `updated_at`) VALUES (NULL, 'xwilkinson@example.net', '(385)355-8607', '2020-12-08 19:53:27', '1980-11-01 00:31:48');
INSERT IGNORE INTO `users` (`id`, `email`, `phone`, `created_at`, `updated_at`) VALUES (NULL, 'florence.ritchie@example.org', '(786)597-4126x856', '1970-07-23 04:01:51', '1972-09-22 16:28:35');
INSERT IGNORE INTO `users` (`id`, `email`, `phone`, `created_at`, `updated_at`) VALUES (NULL, 'ikemmer@example.org', '1-035-456-1837x5822', '1999-01-24 23:23:59', '2019-10-26 08:36:53');
INSERT IGNORE INTO `users` (`id`, `email`, `phone`, `created_at`, `updated_at`) VALUES (NULL, 'gleason.aric@example.net', '703.417.6639x54461', '1985-07-14 09:36:05', '1974-06-10 20:07:03');

-- Заносим данные "users"
INSERT IGNORE INTO `profiles` (`id`, `user_id`, `first_name`, `last_name`, `birth_date`, `country`, `city`, `status`, `created_at`, `updated_at`) VALUES (1, 1, 'Justyn', 'West', '2018-07-03', '33635771', 'Antoniettaview', 'OFFLINE', '2000-06-05 13:52:03', '1997-06-05 13:08:31');
INSERT IGNORE INTO `profiles` (`id`, `user_id`, `first_name`, `last_name`, `birth_date`, `country`, `city`, `status`, `created_at`, `updated_at`) VALUES (2, 2, 'Giovanna', 'Wisoky', '1991-09-24', '880', 'Jakubowskiton', 'ONLINE', '1988-10-02 07:27:43', '1996-07-01 19:02:10');
INSERT IGNORE INTO `profiles` (`id`, `user_id`, `first_name`, `last_name`, `birth_date`, `country`, `city`, `status`, `created_at`, `updated_at`) VALUES (3, 3, 'Trevion', 'Wolf', '2015-08-21', '6189', 'East Soledad', 'ONLINE', '2017-06-09 22:21:27', '1972-09-09 08:27:21');
INSERT IGNORE INTO `profiles` (`id`, `user_id`, `first_name`, `last_name`, `birth_date`, `country`, `city`, `status`, `created_at`, `updated_at`) VALUES (4, 4, 'Timmy', 'Barrows', '2006-05-20', '', 'Bernitaton', 'ONLINE', '2018-01-13 16:53:30', '2012-11-15 14:53:18');
INSERT IGNORE INTO `profiles` (`id`, `user_id`, `first_name`, `last_name`, `birth_date`, `country`, `city`, `status`, `created_at`, `updated_at`) VALUES (5, 5, 'Mazie', 'Reynolds', '1990-12-20', '', 'New Yolanda', 'INACTIVE', '1991-11-21 23:35:36', '2015-12-03 23:10:30');
INSERT IGNORE INTO `profiles` (`id`, `user_id`, `first_name`, `last_name`, `birth_date`, `country`, `city`, `status`, `created_at`, `updated_at`) VALUES (6, 6, 'Kenyon', 'Hammes', '1983-02-15', '', 'Port Jayme', 'ONLINE', '2000-04-29 09:26:11', '2004-04-21 21:01:38');
INSERT IGNORE INTO `profiles` (`id`, `user_id`, `first_name`, `last_name`, `birth_date`, `country`, `city`, `status`, `created_at`, `updated_at`) VALUES (7, 7, 'Alisha', 'Bartell', '2011-07-01', '23', 'Lucilefort', 'OFFLINE', '2012-03-14 06:50:53', '2009-01-10 22:40:24');
INSERT IGNORE INTO `profiles` (`id`, `user_id`, `first_name`, `last_name`, `birth_date`, `country`, `city`, `status`, `created_at`, `updated_at`) VALUES (8, 8, 'Ward', 'King', '1976-05-10', '3', 'Quitzontown', 'OFFLINE', '1970-10-05 21:12:52', '1981-09-16 11:17:23');
INSERT IGNORE INTO `profiles` (`id`, `user_id`, `first_name`, `last_name`, `birth_date`, `country`, `city`, `status`, `created_at`, `updated_at`) VALUES (9, 9, 'Hans', 'Schiller', '2002-06-09', '533', 'Dwightfort', 'ONLINE', '1992-11-10 12:00:23', '2010-06-09 08:22:55');
INSERT IGNORE INTO `profiles` (`id`, `user_id`, `first_name`, `last_name`, `birth_date`, `country`, `city`, `status`, `created_at`, `updated_at`) VALUES (10, 10, 'Gertrude', 'Prosacco', '2002-03-19', '5275964', 'Morarshire', 'INACTIVE', '1993-01-28 19:41:13', '1990-12-11 14:16:04');

-- Заносим данные "messages"
INSERT IGNORE INTO `messages` (`id`, `from_user_id`, `to_user_id`, `message_header`, `message_body`, `is_delivered`, `was_edited`, `created_at`, `updated_at`) VALUES (1, 1, 2, 'Ut dignissimos minus et. Accusantium cum et dolorem cum minima ut. Architecto facilis molestiae dolorem in occaecati. Sunt ipsam provident deserunt ut est non et.', 'Odit porro ut et qui voluptatem voluptatum nulla reiciendis. Est laborum nihil quia et sit sunt. Debitis architecto molestias temporibus totam sed nulla debitis.', 1, 0, '1972-01-21 05:46:37', '1971-04-08 09:38:55');
INSERT IGNORE INTO `messages` (`id`, `from_user_id`, `to_user_id`, `message_header`, `message_body`, `is_delivered`, `was_edited`, `created_at`, `updated_at`) VALUES (2, 9, 4, 'Quidem quo exercitationem placeat non aperiam. Cumque natus eius molestias et tempora. Nihil numquam ea libero molestiae sint. Ad magni repellendus minus ducimus consequatur soluta odit quia.', 'Rem hic perferendis et ut culpa. Sit dolore nulla perferendis cumque. Nesciunt doloremque omnis harum amet sequi. Voluptas expedita minus incidunt vel ipsa.', 0, 0, '1999-05-28 18:47:57', '2002-05-22 08:46:01');
INSERT IGNORE INTO `messages` (`id`, `from_user_id`, `to_user_id`, `message_header`, `message_body`, `is_delivered`, `was_edited`, `created_at`, `updated_at`) VALUES (3, 5, 0, 'Quia qui veritatis vel accusamus aut maxime ullam. Sunt inventore provident deleniti sequi sint quia sed. Voluptas in voluptas cupiditate magni aut fuga.', 'Et voluptas illum facilis consequatur repellendus. Quo voluptatem eos enim.', 0, 0, '1990-11-23 14:38:42', '2010-08-03 11:36:31');
INSERT IGNORE INTO `messages` (`id`, `from_user_id`, `to_user_id`, `message_header`, `message_body`, `is_delivered`, `was_edited`, `created_at`, `updated_at`) VALUES (4, 4, 3, 'Ut rem dignissimos voluptatem velit. Officia enim placeat velit nostrum nesciunt nesciunt. Occaecati vel aut dignissimos. Earum in alias quidem consequatur.', 'Accusantium aliquam incidunt nihil ut expedita aut. Dolor sunt cupiditate excepturi aut. Provident perspiciatis perspiciatis omnis temporibus et. Reiciendis tempore commodi reprehenderit.', 0, 0, '1991-10-27 08:44:10', '1975-08-23 14:37:15');
INSERT IGNORE INTO `messages` (`id`, `from_user_id`, `to_user_id`, `message_header`, `message_body`, `is_delivered`, `was_edited`, `created_at`, `updated_at`) VALUES (5, 1, 5, 'Optio sit qui fugit quis et. Pariatur qui est deleniti et.', 'Libero voluptas omnis dolores nulla. Facilis et laborum distinctio. Placeat et aut atque voluptas.', 0, 0, '1997-10-07 21:42:36', '2016-07-02 12:29:27');
INSERT IGNORE INTO `messages` (`id`, `from_user_id`, `to_user_id`, `message_header`, `message_body`, `is_delivered`, `was_edited`, `created_at`, `updated_at`) VALUES (6, 0, 2, 'Amet earum laudantium atque atque est soluta inventore. Omnis ipsum libero eveniet nisi sed voluptas corporis. Perspiciatis explicabo libero maxime ullam molestias vel impedit. Iusto qui vero rerum.', 'Culpa eum eaque enim in consectetur similique recusandae. In eligendi soluta amet et. Aut reiciendis quia ratione explicabo autem consequatur expedita. Est ut repellendus et facere possimus mollitia labore deserunt.', 0, 0, '2011-06-05 23:49:43', '1982-06-29 07:48:39');
INSERT IGNORE INTO `messages` (`id`, `from_user_id`, `to_user_id`, `message_header`, `message_body`, `is_delivered`, `was_edited`, `created_at`, `updated_at`) VALUES (7, 2, 1, 'Non architecto minima harum ratione. Vel ullam et dignissimos sunt itaque molestias. Ut nisi qui fuga iusto hic at nulla. Eum qui praesentium explicabo dolorem enim.', 'Tempora in quidem ipsum sit quasi eius. Officia facere sit ut excepturi. Qui odit ad vel nihil neque.', 0, 0, '1972-10-24 23:13:14', '1972-02-01 11:55:01');
INSERT IGNORE INTO `messages` (`id`, `from_user_id`, `to_user_id`, `message_header`, `message_body`, `is_delivered`, `was_edited`, `created_at`, `updated_at`) VALUES (8, 5, 2, 'Nobis velit quaerat tempora occaecati qui necessitatibus. Amet eaque est hic aliquid velit nihil laudantium. Qui in eos cum impedit sit omnis quo.', 'Quo aspernatur nesciunt corporis debitis quas delectus. Iste dolor et autem nihil. Doloribus architecto libero a voluptatibus earum.', 1, 0, '1989-07-23 06:41:39', '1997-05-14 09:36:11');
INSERT IGNORE INTO `messages` (`id`, `from_user_id`, `to_user_id`, `message_header`, `message_body`, `is_delivered`, `was_edited`, `created_at`, `updated_at`) VALUES (9, 1, 9, 'Nulla quidem inventore repellat architecto aspernatur eos quia. Aut est minima et. Dolorum repellendus praesentium laboriosam sit rerum eos. Aut blanditiis suscipit ut corporis vel non.', 'Voluptatem et possimus aliquam molestiae nisi officia doloribus. Dolor odio doloremque unde sint distinctio.', 0, 0, '1977-05-05 18:57:21', '2009-06-24 16:32:49');
INSERT IGNORE INTO `messages` (`id`, `from_user_id`, `to_user_id`, `message_header`, `message_body`, `is_delivered`, `was_edited`, `created_at`, `updated_at`) VALUES (10, 6, 2, 'Iste ea repudiandae mollitia assumenda quos blanditiis. Eum at culpa qui ut placeat maiores nam. Quia expedita ut ea consequatur consectetur et. Optio cupiditate maiores molestiae maxime voluptatem provident voluptate explicabo. Nemo molestiae sit in a si', 'Pariatur rerum ratione ut. Accusamus nobis est odit illo aut molestiae qui labore. Natus recusandae et enim sint.', 1, 0, '1982-11-10 15:22:54', '1991-09-14 04:12:21');
INSERT IGNORE INTO `messages` (`id`, `from_user_id`, `to_user_id`, `message_header`, `message_body`, `is_delivered`, `was_edited`, `created_at`, `updated_at`) VALUES (11, 0, 7, 'Praesentium consequatur et expedita odio et repellat unde. Assumenda repellat repellat vero molestias quod non provident quisquam. Omnis ut laborum repellendus soluta laborum dolor rerum. Molestias est quo ut.', 'Sint velit exercitationem necessitatibus non. Nam et quia quisquam. Voluptate suscipit vero harum qui et.', 0, 0, '1985-07-20 16:16:09', '2014-10-12 07:07:29');
INSERT IGNORE INTO `messages` (`id`, `from_user_id`, `to_user_id`, `message_header`, `message_body`, `is_delivered`, `was_edited`, `created_at`, `updated_at`) VALUES (12, 0, 3, 'Dolorem eum qui est laudantium blanditiis dolore inventore. Consequuntur vel iste quia qui praesentium minima nemo. A ut natus cumque et et.', 'Velit aperiam ea molestiae eaque aut ipsam. Expedita rem fugiat occaecati illo sint in itaque.', 1, 0, '1976-11-24 22:03:15', '1993-08-30 10:19:13');
INSERT IGNORE INTO `messages` (`id`, `from_user_id`, `to_user_id`, `message_header`, `message_body`, `is_delivered`, `was_edited`, `created_at`, `updated_at`) VALUES (13, 1, 2, 'Accusantium rerum at ut qui sapiente nobis. Error a sequi eos earum sapiente. Neque fugit voluptatem ut nulla ut velit quia. Omnis dolorum dolore fuga tempore ipsam. Velit quo dolores repellat eum non dolorem temporibus consequatur.', 'Quae eos quos recusandae atque. Sequi provident nobis non exercitationem nobis earum qui. Iusto voluptatum numquam sint ipsum.', 0, 0, '2005-09-06 00:29:00', '1973-04-28 01:22:32');
INSERT IGNORE INTO `messages` (`id`, `from_user_id`, `to_user_id`, `message_header`, `message_body`, `is_delivered`, `was_edited`, `created_at`, `updated_at`) VALUES (14, 8, 2, 'Dolorum voluptatem nihil consequatur nihil sunt qui minus. Ut pariatur non beatae id a quaerat vel. Aperiam qui quo porro quod est atque tempore.', 'Est sit dolor non est. Sit quos quod non corporis hic aut. Et et et tempore magnam. Labore nostrum iusto molestiae voluptates hic.', 1, 0, '2009-02-28 00:58:01', '1991-07-08 17:11:51');
INSERT IGNORE INTO `messages` (`id`, `from_user_id`, `to_user_id`, `message_header`, `message_body`, `is_delivered`, `was_edited`, `created_at`, `updated_at`) VALUES (15, 3, 6, 'Eos repellat quam impedit debitis. Odio ipsam rerum sequi veniam. Doloremque possimus distinctio exercitationem hic.', 'Culpa beatae soluta sint est ipsa omnis eligendi. Dignissimos neque ut et suscipit ipsam. Eum et at optio ea quia. Qui in tenetur ex sit.', 1, 0, '1990-02-19 17:33:56', '2017-10-20 10:44:08');
INSERT IGNORE INTO `messages` (`id`, `from_user_id`, `to_user_id`, `message_header`, `message_body`, `is_delivered`, `was_edited`, `created_at`, `updated_at`) VALUES (16, 7, 3, 'Et fugit tempore repellendus tempora labore asperiores. Repellendus dolor nesciunt expedita hic odio provident.', 'Et blanditiis facere est. Tenetur nemo sed deserunt incidunt qui quidem sint. Repudiandae quas dolores explicabo voluptas est nobis autem. Reiciendis sunt corporis reiciendis fuga.', 1, 0, '2016-05-17 11:18:26', '1977-11-04 01:29:54');
INSERT IGNORE INTO `messages` (`id`, `from_user_id`, `to_user_id`, `message_header`, `message_body`, `is_delivered`, `was_edited`, `created_at`, `updated_at`) VALUES (17, 8, 5, 'Hic dolores aut adipisci distinctio. Sunt sed reprehenderit autem velit dignissimos qui. Nesciunt et aspernatur iste sed harum.', 'Rerum placeat non error placeat aperiam sint. Quasi dolor voluptatem facere repellat incidunt quia perferendis.', 0, 0, '2002-07-17 01:11:20', '1976-12-07 09:37:16');
INSERT IGNORE INTO `messages` (`id`, `from_user_id`, `to_user_id`, `message_header`, `message_body`, `is_delivered`, `was_edited`, `created_at`, `updated_at`) VALUES (18, 3, 2, 'Aut quo explicabo sed soluta. Saepe ipsum dolorum voluptatem perspiciatis fugit eaque enim maxime. Provident velit animi error recusandae ut iusto quod.', 'Qui aliquam corporis voluptatum rerum facilis odio. Ea officia est distinctio neque placeat porro. Rerum maxime voluptates ullam saepe velit dolorum. Perspiciatis error sequi labore distinctio ut corrupti. Dolores dolorem tempore voluptatem placeat.', 1, 0, '2003-07-16 07:49:00', '2007-09-12 05:30:46');
INSERT IGNORE INTO `messages` (`id`, `from_user_id`, `to_user_id`, `message_header`, `message_body`, `is_delivered`, `was_edited`, `created_at`, `updated_at`) VALUES (19, 6, 0, 'Aliquid dolores aut aut esse. Quis et sed amet et tempora sunt. Dolore qui blanditiis qui consequuntur in.', 'Fugit consequatur quis aliquid nihil saepe. Magni sapiente ipsum consectetur sequi aspernatur alias. Qui voluptatem culpa id. Aut quia vero consequatur accusamus quidem natus.', 1, 0, '1984-08-14 17:03:19', '1986-03-10 22:12:14');
INSERT IGNORE INTO `messages` (`id`, `from_user_id`, `to_user_id`, `message_header`, `message_body`, `is_delivered`, `was_edited`, `created_at`, `updated_at`) VALUES (20, 5, 0, 'Iure hic aut quia rerum quis. Repellendus suscipit et similique architecto placeat et voluptatem. Et voluptas minus saepe odio aperiam neque. Commodi doloremque totam et unde.', 'Debitis similique voluptates consectetur itaque occaecati est quod iure. Ipsum quaerat vero est nostrum consequuntur necessitatibus. Veritatis totam expedita ea est. Est deleniti tempora quia asperiores.', 1, 0, '2004-02-24 22:57:01', '2004-05-17 16:34:40');
INSERT IGNORE INTO `messages` (`id`, `from_user_id`, `to_user_id`, `message_header`, `message_body`, `is_delivered`, `was_edited`, `created_at`, `updated_at`) VALUES (21, 4, 2, 'Laudantium vel quis doloribus molestiae ducimus ea at. Asperiores omnis consequatur quo alias officiis ad. Sunt eos facere nesciunt nesciunt facere. Ex sit voluptatem repellat sunt neque beatae. Atque eum et rerum molestiae et excepturi.', 'Possimus libero non suscipit aliquid expedita fuga facere. Nisi cupiditate omnis labore et et sit reiciendis labore.', 1, 0, '2003-04-01 18:27:17', '2019-12-09 10:31:08');
INSERT IGNORE INTO `messages` (`id`, `from_user_id`, `to_user_id`, `message_header`, `message_body`, `is_delivered`, `was_edited`, `created_at`, `updated_at`) VALUES (22, 3, 9, 'Corporis quibusdam esse est et. Aut sapiente commodi vel aut quo. Suscipit quo ut totam amet est repellat sed.', 'Nostrum est sit omnis ipsam qui hic tenetur. Nihil sequi autem enim quam qui. Accusantium quia amet delectus aperiam qui ut possimus accusamus. Inventore iure voluptatem atque quam ex eum.', 0, 0, '1973-05-29 02:16:59', '1970-01-30 13:46:16');
INSERT IGNORE INTO `messages` (`id`, `from_user_id`, `to_user_id`, `message_header`, `message_body`, `is_delivered`, `was_edited`, `created_at`, `updated_at`) VALUES (23, 8, 0, 'Ipsum voluptatem enim numquam provident ad iure odit. Officiis ex modi ipsum commodi. Sed cupiditate et et aperiam recusandae autem atque.', 'Asperiores fugit voluptatum omnis aut molestiae adipisci. Rerum facilis cumque quibusdam asperiores laborum. Qui veniam id non assumenda. Distinctio aut eligendi laborum quidem.', 1, 0, '1975-01-04 20:50:58', '1970-12-11 02:16:02');
INSERT IGNORE INTO `messages` (`id`, `from_user_id`, `to_user_id`, `message_header`, `message_body`, `is_delivered`, `was_edited`, `created_at`, `updated_at`) VALUES (24, 3, 1, 'Amet omnis sed deleniti dolor dicta velit. Ducimus qui autem facilis architecto. Ratione rem error aut minus cumque omnis laborum. Laboriosam est eos et perspiciatis quis dolorum.', 'Expedita facilis aut accusamus. Eaque nulla facilis nesciunt et error velit quia.', 0, 0, '2017-10-19 04:01:00', '2015-06-28 07:13:39');
INSERT IGNORE INTO `messages` (`id`, `from_user_id`, `to_user_id`, `message_header`, `message_body`, `is_delivered`, `was_edited`, `created_at`, `updated_at`) VALUES (25, 2, 5, 'Quis autem quis quae nobis adipisci reiciendis. Similique autem aliquam nesciunt quia. Eum sit voluptas et iusto vel autem natus et. Dolor iste nemo rerum quisquam in.', 'Ratione ratione in ut at rem voluptatem voluptatum. Accusantium et tenetur aperiam expedita est quod voluptatem. Ratione rerum voluptatem tenetur consequatur sapiente rem.', 1, 0, '1977-06-29 00:18:47', '1992-06-23 20:21:05');
INSERT IGNORE INTO `messages` (`id`, `from_user_id`, `to_user_id`, `message_header`, `message_body`, `is_delivered`, `was_edited`, `created_at`, `updated_at`) VALUES (26, 9, 5, 'Molestiae et a distinctio fugiat. Est ut sed atque at vitae. Consectetur molestias possimus est minima. Sunt dolor nulla ipsum eum.', 'Nostrum debitis ducimus et ratione voluptas adipisci sed ut. Odit dolor mollitia recusandae repudiandae quaerat facere.', 0, 0, '1974-03-05 12:26:21', '1999-09-27 03:57:00');
INSERT IGNORE INTO `messages` (`id`, `from_user_id`, `to_user_id`, `message_header`, `message_body`, `is_delivered`, `was_edited`, `created_at`, `updated_at`) VALUES (27, 3, 2, 'Explicabo nobis deserunt delectus doloremque rerum aut. Aut sequi omnis autem autem eius consequuntur repellat. Et nemo molestiae voluptatibus quia occaecati reiciendis.', 'Ratione error dolorem quae et esse. Atque aut quod minus dolorem. Officiis nobis aut amet tenetur sit sed.', 0, 0, '1984-08-10 13:24:58', '1980-11-24 19:10:07');
INSERT IGNORE INTO `messages` (`id`, `from_user_id`, `to_user_id`, `message_header`, `message_body`, `is_delivered`, `was_edited`, `created_at`, `updated_at`) VALUES (28, 7, 4, 'Nihil autem eaque quis id exercitationem delectus sint ut. Qui dolor sint quis illo distinctio aut aliquid delectus.', 'Blanditiis et enim quia rerum autem molestiae. Voluptas laborum rem est qui et officiis eligendi. Labore quas quod quia est. Voluptates blanditiis ut natus dolorum veniam velit.', 0, 0, '1985-03-28 04:13:02', '2012-10-17 00:14:29');
INSERT IGNORE INTO `messages` (`id`, `from_user_id`, `to_user_id`, `message_header`, `message_body`, `is_delivered`, `was_edited`, `created_at`, `updated_at`) VALUES (29, 3, 6, 'Quia atque molestias repudiandae tempore temporibus id quaerat. Dolore est dolore corrupti velit quae voluptas ea pariatur. Esse qui dolore soluta fugiat maiores ratione. Dolores explicabo vel illo consequuntur.', 'Occaecati dolor deleniti iusto dignissimos atque aut voluptas veniam. Aliquid in dolor expedita qui doloremque nostrum. Qui qui sed dolorum eius et magni.', 1, 0, '1971-10-29 23:01:39', '1972-04-14 12:28:47');
INSERT IGNORE INTO `messages` (`id`, `from_user_id`, `to_user_id`, `message_header`, `message_body`, `is_delivered`, `was_edited`, `created_at`, `updated_at`) VALUES (30, 6, 6, 'Quidem reprehenderit aut ut. Blanditiis officia magni et dolorem esse animi reprehenderit. Aperiam dolor earum assumenda ducimus blanditiis et veniam. Quod repudiandae iure quae quas omnis.', 'Velit suscipit natus nisi soluta veniam. Officia molestias quia dolore quisquam. Aut autem quo veniam fugit est.', 1, 0, '1970-06-02 10:41:05', '1995-04-30 05:35:09');
INSERT IGNORE INTO `messages` (`id`, `from_user_id`, `to_user_id`, `message_header`, `message_body`, `is_delivered`, `was_edited`, `created_at`, `updated_at`) VALUES (31, 0, 6, 'Et quae aut id numquam magnam illum. Repellat in alias qui dicta dolorum rerum tenetur perferendis. Consectetur ullam voluptatum alias quisquam voluptas eaque fugit. Tenetur voluptatibus et perspiciatis voluptatibus.', 'Vitae aspernatur accusamus laudantium architecto. Et accusantium repellat exercitationem fugiat excepturi architecto. Animi sunt perspiciatis nemo aut voluptatem nemo non.', 0, 0, '1979-11-25 21:07:00', '2002-04-04 08:33:26');
INSERT IGNORE INTO `messages` (`id`, `from_user_id`, `to_user_id`, `message_header`, `message_body`, `is_delivered`, `was_edited`, `created_at`, `updated_at`) VALUES (32, 2, 5, 'Modi eum et laboriosam magnam illo blanditiis sed voluptas. Culpa consectetur ut molestiae debitis possimus pariatur est.', 'Amet atque voluptas quam voluptatum et. Rerum molestiae consequatur ea dolorem consequatur minima. Omnis eveniet magni laboriosam iste dolorum rem nostrum. Ea possimus autem sed.', 0, 0, '1992-05-02 20:14:25', '1986-06-30 07:40:15');
INSERT IGNORE INTO `messages` (`id`, `from_user_id`, `to_user_id`, `message_header`, `message_body`, `is_delivered`, `was_edited`, `created_at`, `updated_at`) VALUES (33, 8, 0, 'Fuga tenetur tempora saepe blanditiis et. Dolorum voluptatem sed aut unde itaque facilis temporibus. Rerum ipsum veniam iure aliquam sint quo ut. Sint eos exercitationem aperiam facilis dolor cumque.', 'Aperiam nesciunt nesciunt quia excepturi. Reiciendis non maiores non eos. Ut deserunt est fugit fugiat. Vero et molestiae dignissimos asperiores placeat.', 0, 0, '1982-09-16 11:32:02', '1979-04-01 22:56:37');
INSERT IGNORE INTO `messages` (`id`, `from_user_id`, `to_user_id`, `message_header`, `message_body`, `is_delivered`, `was_edited`, `created_at`, `updated_at`) VALUES (34, 5, 2, 'Adipisci tempore eaque pariatur dolorem est molestiae ipsum. Ut consequuntur porro et voluptas porro. Sed voluptatum illo nulla.', 'Nam nisi facilis consequatur animi blanditiis vel. Quod tempora aut dicta minima et sunt provident adipisci.', 1, 0, '1982-04-23 15:48:20', '1997-04-06 21:53:01');
INSERT IGNORE INTO `messages` (`id`, `from_user_id`, `to_user_id`, `message_header`, `message_body`, `is_delivered`, `was_edited`, `created_at`, `updated_at`) VALUES (35, 4, 3, 'Ut adipisci est ipsam. Laborum harum ea et.', 'Sit modi incidunt aut perferendis quis veniam. Possimus aut iste vel veniam. Tempore illum libero sint voluptatibus numquam nihil.', 1, 0, '2020-06-02 12:18:02', '1993-01-14 12:56:10');
INSERT IGNORE INTO `messages` (`id`, `from_user_id`, `to_user_id`, `message_header`, `message_body`, `is_delivered`, `was_edited`, `created_at`, `updated_at`) VALUES (36, 8, 3, 'Reiciendis distinctio delectus et nihil et omnis. Sint cumque atque accusantium cupiditate quod aut quia ad. Saepe voluptatem rerum eum beatae nesciunt et iste incidunt. Sit debitis voluptas aut dolorum harum.', 'Voluptas fuga quod ad voluptatem ea. Rem quo repellendus ipsa. Neque facilis culpa quod ipsum magni qui corrupti.', 1, 0, '1974-09-17 00:20:47', '1991-04-25 09:54:25');
INSERT IGNORE INTO `messages` (`id`, `from_user_id`, `to_user_id`, `message_header`, `message_body`, `is_delivered`, `was_edited`, `created_at`, `updated_at`) VALUES (37, 3, 1, 'Eius et ipsa iure sint. Ad dolore nihil debitis sit tempore. Vero ducimus nihil temporibus laudantium facilis dolores ut aliquam. Et voluptatem exercitationem rem.', 'Corporis dolore consequatur vel qui corporis quis. Ut corrupti nostrum fuga veritatis. Explicabo voluptas officia facilis quaerat ratione perferendis.', 0, 0, '2014-10-13 22:39:07', '2004-12-10 20:32:22');
INSERT IGNORE INTO `messages` (`id`, `from_user_id`, `to_user_id`, `message_header`, `message_body`, `is_delivered`, `was_edited`, `created_at`, `updated_at`) VALUES (38, 5, 1, 'Et facere cumque perferendis. Eos ullam laboriosam quaerat. Maiores velit animi corporis cumque.', 'Voluptatem fuga repellendus alias aut qui facilis maiores. Ut aut quasi omnis maiores doloribus dolores. Aspernatur nostrum odit nostrum eveniet recusandae sed architecto laboriosam. Et quod cum aliquam.', 0, 0, '2017-09-13 17:10:11', '2013-04-29 11:58:12');
INSERT IGNORE INTO `messages` (`id`, `from_user_id`, `to_user_id`, `message_header`, `message_body`, `is_delivered`, `was_edited`, `created_at`, `updated_at`) VALUES (39, 4, 4, 'Qui nisi harum exercitationem. Natus quisquam aut officia blanditiis qui. Eaque porro qui eos. Quas fuga sed eligendi libero expedita qui. Maxime non quia ut ut quae cupiditate.', 'Nulla quae illum unde error aut. Eligendi laborum ut ut natus. Ea sed sed aperiam et dolores blanditiis. Sed expedita non ipsum voluptas sequi maxime.', 1, 0, '2009-12-08 21:05:16', '1988-12-01 01:38:30');
INSERT IGNORE INTO `messages` (`id`, `from_user_id`, `to_user_id`, `message_header`, `message_body`, `is_delivered`, `was_edited`, `created_at`, `updated_at`) VALUES (40, 4, 7, 'Suscipit in iure consequuntur dolores vel. Ut molestiae omnis commodi.', 'Atque necessitatibus quo rerum harum laborum debitis ut. Qui reprehenderit maiores tempora et. Neque magni vel illo voluptas. Quia eligendi asperiores possimus.', 0, 0, '2004-11-30 05:38:15', '2015-04-20 03:33:57');
INSERT IGNORE INTO `messages` (`id`, `from_user_id`, `to_user_id`, `message_header`, `message_body`, `is_delivered`, `was_edited`, `created_at`, `updated_at`) VALUES (41, 3, 3, 'Ut aut est dolorum et. Ab ullam quasi aut. Non commodi iusto quis aliquam totam. Porro perspiciatis rerum culpa aliquid molestiae fugit officiis.', 'Eligendi et ratione est saepe. Voluptatem nemo aut molestiae atque consequuntur porro. Nemo minima voluptates et magnam et ut provident ipsa. Exercitationem laudantium ut consequuntur perferendis.', 1, 0, '1990-08-29 16:53:53', '1991-10-21 04:48:16');
INSERT IGNORE INTO `messages` (`id`, `from_user_id`, `to_user_id`, `message_header`, `message_body`, `is_delivered`, `was_edited`, `created_at`, `updated_at`) VALUES (42, 6, 0, 'Exercitationem dolorem est ipsa quis magnam odit excepturi id. Est impedit sunt voluptatem id tempora. Excepturi dolores et amet odio sed aut saepe. Voluptatem temporibus quaerat perferendis temporibus.', 'Voluptatum sapiente quae ipsum id eos velit illo. At deserunt itaque nam vero est dolorem.', 0, 0, '1971-10-24 01:11:06', '2018-04-23 10:52:17');
INSERT IGNORE INTO `messages` (`id`, `from_user_id`, `to_user_id`, `message_header`, `message_body`, `is_delivered`, `was_edited`, `created_at`, `updated_at`) VALUES (43, 6, 4, 'Voluptatem aliquid voluptas accusamus vero repellat aut accusamus. Quia impedit dolor velit molestiae doloremque et. Iusto totam deleniti voluptates voluptas. Est sapiente enim pariatur id veniam eos.', 'Occaecati ut magnam numquam ea et. Quibusdam architecto molestiae asperiores omnis ab veritatis. Culpa veritatis qui sunt debitis ut similique.', 1, 0, '1976-12-18 06:21:40', '1977-02-19 18:10:55');
INSERT IGNORE INTO `messages` (`id`, `from_user_id`, `to_user_id`, `message_header`, `message_body`, `is_delivered`, `was_edited`, `created_at`, `updated_at`) VALUES (44, 5, 0, 'Temporibus tempora aliquid consequuntur id et quisquam. Voluptate amet ea laboriosam reiciendis itaque facilis. Quia modi et delectus earum nemo. Aut amet rerum veritatis et ut.', 'Aliquam animi cupiditate sed enim esse facere. Expedita facere qui enim nemo sit. Qui quaerat architecto dicta iste cum est eveniet. Beatae aliquam accusantium libero quia ab rem omnis.', 0, 0, '2012-01-19 04:22:37', '1997-02-25 21:17:31');
INSERT IGNORE INTO `messages` (`id`, `from_user_id`, `to_user_id`, `message_header`, `message_body`, `is_delivered`, `was_edited`, `created_at`, `updated_at`) VALUES (45, 5, 9, 'Odit doloribus vel soluta aperiam necessitatibus quasi. Incidunt ipsam velit autem eum. Minima numquam ipsam repellat veniam quae nisi. Accusamus id earum et mollitia.', 'Rerum nihil numquam incidunt sapiente neque. Dolores molestias qui consectetur aspernatur aut neque. Iste consequatur modi a ea alias.', 0, 0, '2014-04-12 17:18:42', '1981-10-22 22:20:23');
INSERT IGNORE INTO `messages` (`id`, `from_user_id`, `to_user_id`, `message_header`, `message_body`, `is_delivered`, `was_edited`, `created_at`, `updated_at`) VALUES (46, 9, 5, 'Accusamus omnis velit voluptatem consequatur neque ad. Quae quia nesciunt fugiat magnam asperiores eveniet officia. Molestias provident sit dolor. Autem voluptate dolor alias illum quis.', 'Dolor commodi deleniti est voluptas. Incidunt qui commodi doloribus. Ad quas culpa unde temporibus.', 1, 0, '2020-07-31 02:17:23', '2016-08-03 14:38:06');
INSERT IGNORE INTO `messages` (`id`, `from_user_id`, `to_user_id`, `message_header`, `message_body`, `is_delivered`, `was_edited`, `created_at`, `updated_at`) VALUES (47, 1, 8, 'Cumque quo quidem rem odio vero aut ipsam. Odit veritatis sed rerum quia aut consequatur. Et beatae sequi eius nihil numquam earum.', 'Sit id quod dolorem qui nemo. Eaque rerum omnis omnis quidem est natus. Non reprehenderit iste adipisci quo laborum et ut. Culpa et perferendis dignissimos ipsa minima.', 1, 0, '1973-12-28 06:18:55', '1989-10-15 18:10:58');
INSERT IGNORE INTO `messages` (`id`, `from_user_id`, `to_user_id`, `message_header`, `message_body`, `is_delivered`, `was_edited`, `created_at`, `updated_at`) VALUES (48, 4, 8, 'Tempore error adipisci vel maxime facilis. Tempore consequatur similique voluptatem repudiandae facilis nobis consequatur eos. Qui saepe quaerat non fugiat iusto et.', 'Accusantium aut molestiae nostrum et. Qui ut at dolores quam exercitationem et. Quibusdam numquam dolor autem repudiandae accusantium. Et error architecto nulla consequatur.', 1, 0, '1970-03-07 13:57:13', '1975-01-18 23:32:20');
INSERT IGNORE INTO `messages` (`id`, `from_user_id`, `to_user_id`, `message_header`, `message_body`, `is_delivered`, `was_edited`, `created_at`, `updated_at`) VALUES (49, 6, 4, 'Odit aut consequatur possimus minima corrupti molestiae. Molestias nobis officiis quasi. Nihil beatae et sit et. Quia eos perspiciatis nam voluptate id voluptas doloremque.', 'Nobis aperiam voluptatem quam. Molestias ab voluptatibus cupiditate veniam in ex eum. Hic deserunt est et facilis et illum quis vel.', 1, 0, '1987-01-28 06:50:42', '1995-07-24 23:39:02');
INSERT IGNORE INTO `messages` (`id`, `from_user_id`, `to_user_id`, `message_header`, `message_body`, `is_delivered`, `was_edited`, `created_at`, `updated_at`) VALUES (50, 3, 5, 'Non rerum qui aut quos qui voluptatibus aut rem. Laboriosam culpa sed voluptas unde nulla est. Quae commodi consequatur commodi minima illo rerum quos. Excepturi consequuntur id porro molestias perspiciatis accusamus ducimus.', 'Optio quidem sint laudantium ipsa nobis qui sapiente. Est et est alias rerum eligendi. Illo qui aut alias vero est quasi quisquam. Voluptatem quaerat eaque voluptatem in sed.', 0, 0, '1979-08-25 02:16:48', '1995-11-15 17:48:43');
INSERT IGNORE INTO `messages` (`id`, `from_user_id`, `to_user_id`, `message_header`, `message_body`, `is_delivered`, `was_edited`, `created_at`, `updated_at`) VALUES (51, 4, 9, 'Quia est dolor occaecati et reiciendis ea. Natus quas fugit voluptate delectus laborum molestias dignissimos. Aperiam velit deserunt sed non.', 'Perspiciatis repellat sit in est facere officiis placeat. Nihil et quia recusandae et ex dolorem. Placeat rerum quo incidunt.', 0, 0, '1973-09-02 16:40:30', '1981-02-22 22:42:15');
INSERT IGNORE INTO `messages` (`id`, `from_user_id`, `to_user_id`, `message_header`, `message_body`, `is_delivered`, `was_edited`, `created_at`, `updated_at`) VALUES (52, 6, 5, 'Repellendus consequuntur voluptas qui sed. Maxime illo non a voluptatem. Iure rerum aliquam repellendus molestiae sit.', 'Voluptatum iusto accusamus repellendus qui dolorum eos natus. Doloremque alias eum reprehenderit atque accusantium dolores eaque. Sint quo reiciendis ut voluptatum quas. Doloremque ex tempore aut ut modi eaque qui dolor.', 0, 0, '2000-10-20 03:05:22', '2019-04-29 11:20:29');
INSERT IGNORE INTO `messages` (`id`, `from_user_id`, `to_user_id`, `message_header`, `message_body`, `is_delivered`, `was_edited`, `created_at`, `updated_at`) VALUES (53, 1, 2, 'Illo aspernatur eveniet non qui ullam et. Qui sint molestiae recusandae nemo autem nihil dolore. Expedita sequi eum et voluptas totam. Et et officia veniam nesciunt commodi.', 'Consequatur architecto quod ut ad dicta. Sint architecto modi alias dolor sed vero eaque. Numquam quasi et voluptatem quas officia et possimus.', 0, 0, '1970-04-29 16:08:00', '2000-07-30 09:58:00');
INSERT IGNORE INTO `messages` (`id`, `from_user_id`, `to_user_id`, `message_header`, `message_body`, `is_delivered`, `was_edited`, `created_at`, `updated_at`) VALUES (54, 8, 9, 'Dolor ut dignissimos ad inventore sit deleniti qui. Culpa beatae quae laboriosam aut.', 'Dolorem sapiente corporis non quia qui voluptatem alias ab. Ea repellat adipisci et provident quod eos.', 1, 0, '2020-07-11 07:25:07', '2012-09-18 02:19:13');
INSERT IGNORE INTO `messages` (`id`, `from_user_id`, `to_user_id`, `message_header`, `message_body`, `is_delivered`, `was_edited`, `created_at`, `updated_at`) VALUES (55, 6, 7, 'Qui eligendi aspernatur quasi. Possimus aut voluptas ullam eos beatae consequatur quaerat. Debitis nam et ad sapiente debitis reprehenderit. Quia reprehenderit nihil nesciunt ipsam temporibus earum.', 'Quam aut assumenda consequatur a magnam. Ut fugit sunt et voluptatibus quo.', 0, 0, '2014-06-17 10:55:11', '1986-09-26 00:13:07');
INSERT IGNORE INTO `messages` (`id`, `from_user_id`, `to_user_id`, `message_header`, `message_body`, `is_delivered`, `was_edited`, `created_at`, `updated_at`) VALUES (56, 1, 8, 'Suscipit ut aut iste cum facilis. Natus quis tempore nihil quaerat. Et officiis distinctio magnam libero. Eos eligendi delectus nam mollitia qui commodi.', 'Praesentium hic voluptatem eos totam provident. Nostrum enim laborum est iusto aut voluptates. Similique qui aspernatur labore aut. Inventore facilis dolorem dicta fugit molestias.', 0, 0, '2011-11-18 11:56:40', '2004-05-12 14:19:04');
INSERT IGNORE INTO `messages` (`id`, `from_user_id`, `to_user_id`, `message_header`, `message_body`, `is_delivered`, `was_edited`, `created_at`, `updated_at`) VALUES (57, 0, 4, 'Rem vel in qui et et sunt. Consequuntur ut consectetur exercitationem. Qui eum aspernatur ab repellendus perspiciatis. Sed molestiae nostrum quae cum itaque.', 'In aliquid in delectus non delectus rerum at. Quia officiis et vel distinctio officiis sed. Qui esse ducimus autem qui harum nesciunt aut. Porro omnis consectetur rem cum alias.', 1, 0, '2001-05-22 14:00:57', '2012-08-12 17:47:11');
INSERT IGNORE INTO `messages` (`id`, `from_user_id`, `to_user_id`, `message_header`, `message_body`, `is_delivered`, `was_edited`, `created_at`, `updated_at`) VALUES (58, 8, 4, 'Fugiat in corrupti illum. Ut est ut officiis omnis ipsum laboriosam. Natus odit voluptas ea vero ex laudantium suscipit vitae.', 'Et saepe id est qui ea natus. Reiciendis voluptatem et id voluptatem eum rerum molestias. A deserunt velit exercitationem.', 1, 0, '2012-11-22 18:03:38', '1991-06-14 02:40:51');
INSERT IGNORE INTO `messages` (`id`, `from_user_id`, `to_user_id`, `message_header`, `message_body`, `is_delivered`, `was_edited`, `created_at`, `updated_at`) VALUES (59, 9, 1, 'Cupiditate aliquam voluptas sit fugit sit labore autem. Excepturi dolores eligendi mollitia corporis et aliquid. Velit aut sit voluptatem eligendi sequi numquam.', 'Asperiores at quia minus deleniti cupiditate ab ipsum. Itaque expedita iure dicta quis repudiandae sed aut. Velit est quidem ut magnam est id.', 1, 0, '1996-04-22 08:14:18', '1996-11-05 07:40:22');
INSERT IGNORE INTO `messages` (`id`, `from_user_id`, `to_user_id`, `message_header`, `message_body`, `is_delivered`, `was_edited`, `created_at`, `updated_at`) VALUES (60, 7, 4, 'Sit consequuntur aut laudantium voluptas minus. Ut voluptatem hic fugit ut enim. Natus sapiente praesentium pariatur corporis tempore.', 'Corporis quaerat qui provident veritatis illo enim. Beatae dolorem non iste ipsum vitae quia animi. Dicta qui illum recusandae atque culpa. Enim aspernatur velit nihil qui id ullam.', 1, 0, '1992-09-26 19:32:02', '2016-06-24 02:41:39');
INSERT IGNORE INTO `messages` (`id`, `from_user_id`, `to_user_id`, `message_header`, `message_body`, `is_delivered`, `was_edited`, `created_at`, `updated_at`) VALUES (61, 2, 8, 'Minus consectetur maxime eos delectus nemo eveniet molestiae. Dolores eos magnam id. Ut exercitationem soluta occaecati quasi soluta eaque. Soluta non ipsam fugiat magni vel iusto.', 'Recusandae omnis qui nihil. Dolor ratione dolore repellat tenetur quidem beatae. Non beatae repellendus cum minima sit. Qui et voluptatem sed laboriosam.', 1, 0, '1992-07-01 08:35:18', '2018-09-29 11:19:07');
INSERT IGNORE INTO `messages` (`id`, `from_user_id`, `to_user_id`, `message_header`, `message_body`, `is_delivered`, `was_edited`, `created_at`, `updated_at`) VALUES (62, 8, 5, 'Recusandae error ea autem ipsum. Provident fugit asperiores non facere. Sint et consequatur non nam porro eius.', 'Commodi odit in perspiciatis commodi incidunt ea. Voluptatibus qui aliquam mollitia nulla consectetur. Ea temporibus a rerum vel quas. Ea reiciendis a quis voluptatum.', 0, 0, '2008-06-08 19:00:02', '1992-08-12 15:04:53');
INSERT IGNORE INTO `messages` (`id`, `from_user_id`, `to_user_id`, `message_header`, `message_body`, `is_delivered`, `was_edited`, `created_at`, `updated_at`) VALUES (63, 4, 5, 'A laborum incidunt autem placeat. Delectus autem possimus a. Nulla aut facere et officiis. Amet quas voluptates quasi.', 'Nemo rerum aut nam ut quidem assumenda. Omnis saepe id ipsum eius. Rerum mollitia voluptas voluptate maiores ut repudiandae temporibus voluptas.', 1, 0, '2008-02-14 02:13:04', '1989-04-05 03:59:42');
INSERT IGNORE INTO `messages` (`id`, `from_user_id`, `to_user_id`, `message_header`, `message_body`, `is_delivered`, `was_edited`, `created_at`, `updated_at`) VALUES (64, 0, 5, 'Laborum aut perspiciatis illum minus consectetur. Enim eos enim nihil quo quae sit alias. Reprehenderit aliquid ut ut officiis praesentium sed.', 'Et veniam exercitationem rerum ea dignissimos et est tempore. Voluptatem saepe rem deleniti modi molestias perspiciatis beatae. Dolorum quam cupiditate commodi officiis nemo aut.', 0, 0, '1992-08-30 22:13:17', '2020-11-05 12:33:23');
INSERT IGNORE INTO `messages` (`id`, `from_user_id`, `to_user_id`, `message_header`, `message_body`, `is_delivered`, `was_edited`, `created_at`, `updated_at`) VALUES (65, 3, 9, 'Consequatur quas molestiae ea. Nulla quasi aspernatur animi et. Omnis expedita nihil ut vel laborum. Magnam sed nemo cupiditate recusandae cupiditate quis accusantium.', 'Quia nihil est quasi fugit dolores. Nemo quia nemo quasi est consequatur doloribus sequi veritatis. Ut odit possimus assumenda distinctio.', 1, 0, '2013-03-12 11:22:41', '2020-10-15 02:48:30');
INSERT IGNORE INTO `messages` (`id`, `from_user_id`, `to_user_id`, `message_header`, `message_body`, `is_delivered`, `was_edited`, `created_at`, `updated_at`) VALUES (66, 0, 2, 'Minima nam possimus dolores accusamus. Quis laudantium ducimus temporibus deleniti blanditiis minima. Vitae deserunt omnis minus consequatur. Itaque animi tempore magnam voluptas eius fugit reiciendis.', 'Explicabo laborum qui et explicabo autem et. Quia et aut et quia. Nisi aut distinctio illum beatae eum ut.', 1, 0, '1983-04-20 23:05:01', '1979-03-22 21:32:53');
INSERT IGNORE INTO `messages` (`id`, `from_user_id`, `to_user_id`, `message_header`, `message_body`, `is_delivered`, `was_edited`, `created_at`, `updated_at`) VALUES (67, 6, 1, 'Nihil velit maxime porro a officia et eligendi rerum. Voluptate laboriosam qui minus sunt. Commodi blanditiis animi nostrum incidunt. Repudiandae commodi qui assumenda natus ullam pariatur.', 'Consequatur magnam consectetur deserunt deleniti. Voluptas aut ut repudiandae.', 0, 0, '2004-11-13 02:38:57', '1984-09-15 09:52:50');
INSERT IGNORE INTO `messages` (`id`, `from_user_id`, `to_user_id`, `message_header`, `message_body`, `is_delivered`, `was_edited`, `created_at`, `updated_at`) VALUES (68, 8, 2, 'Rerum aperiam iure culpa sint et. Repudiandae itaque harum voluptas pariatur ut asperiores. Sunt ad dolores nihil adipisci architecto dolores temporibus ab. Non sunt quis consequuntur rerum at expedita et.', 'Eligendi cum quisquam tenetur quam vitae. Magni debitis maiores ut.', 0, 0, '1976-06-08 20:05:17', '2012-08-13 19:20:42');
INSERT IGNORE INTO `messages` (`id`, `from_user_id`, `to_user_id`, `message_header`, `message_body`, `is_delivered`, `was_edited`, `created_at`, `updated_at`) VALUES (69, 8, 2, 'Rem molestiae ducimus dolor. Veritatis et est voluptates et nostrum. Tenetur autem ullam in sint suscipit eius quidem. Harum at iusto temporibus omnis.', 'Consequatur beatae esse quia molestiae. Praesentium quia odio eaque nisi quos debitis eum. Quod numquam velit modi. Aut quisquam magnam officia architecto repellat.', 1, 0, '1987-10-11 19:21:17', '2016-11-08 05:44:01');
INSERT IGNORE INTO `messages` (`id`, `from_user_id`, `to_user_id`, `message_header`, `message_body`, `is_delivered`, `was_edited`, `created_at`, `updated_at`) VALUES (70, 2, 0, 'Quas aut beatae sint officia placeat perferendis. Magnam fuga quaerat provident necessitatibus. Quidem deserunt nihil ipsa. Reprehenderit vero aut eos quas corporis optio.', 'Nesciunt ab aut voluptate quam cumque blanditiis commodi. Modi totam odio sed aut atque tempora. In in sapiente aut assumenda molestias optio.', 0, 0, '1976-08-25 20:44:17', '1995-03-22 05:15:50');
INSERT IGNORE INTO `messages` (`id`, `from_user_id`, `to_user_id`, `message_header`, `message_body`, `is_delivered`, `was_edited`, `created_at`, `updated_at`) VALUES (71, 4, 2, 'Aut aperiam fuga nisi quasi sequi rerum. Est ipsam cupiditate quia aut consequatur. Officiis corporis et distinctio vero aut autem.', 'In non voluptas placeat qui a dolores ducimus sed. Asperiores minus ea tempora qui dolorum similique consequatur magnam. In at cumque et culpa voluptas rerum. Nulla nulla modi excepturi saepe libero et.', 0, 0, '2021-05-05 16:58:54', '1998-08-31 12:58:47');
INSERT IGNORE INTO `messages` (`id`, `from_user_id`, `to_user_id`, `message_header`, `message_body`, `is_delivered`, `was_edited`, `created_at`, `updated_at`) VALUES (72, 0, 4, 'Voluptas commodi temporibus fugit. Minima voluptatem inventore ut consequuntur distinctio.', 'Minima architecto nemo minus dolor voluptatem voluptas odio. Culpa laudantium eaque quidem odit. Voluptatem qui nesciunt assumenda quo sint omnis sequi aspernatur. Dicta alias et architecto laudantium quis id ea.', 0, 0, '2016-11-27 08:16:25', '1983-06-12 04:13:34');
INSERT IGNORE INTO `messages` (`id`, `from_user_id`, `to_user_id`, `message_header`, `message_body`, `is_delivered`, `was_edited`, `created_at`, `updated_at`) VALUES (73, 3, 2, 'Libero est sunt qui quo amet. Laboriosam animi saepe asperiores neque blanditiis voluptas error. Eos similique consectetur fuga.', 'Nihil in omnis cumque in nulla omnis animi. Magni voluptas rerum aliquam voluptatem et eum. Modi sint placeat voluptatem neque aut.', 1, 0, '1977-04-28 08:39:50', '1991-10-07 14:37:21');
INSERT IGNORE INTO `messages` (`id`, `from_user_id`, `to_user_id`, `message_header`, `message_body`, `is_delivered`, `was_edited`, `created_at`, `updated_at`) VALUES (74, 5, 7, 'A sed voluptate nihil corporis sit architecto vel. Repellat debitis consequatur consequatur consequuntur. Necessitatibus debitis aut quia ut ex alias. Eaque illum et iure et ex eum.', 'Mollitia porro facilis ducimus libero. Consequatur impedit repudiandae fugiat eum. Quibusdam repellendus et aliquid voluptates a sed adipisci. Quia id quidem unde aspernatur tempore.', 1, 0, '2020-02-10 20:47:05', '1995-06-23 15:55:23');
INSERT IGNORE INTO `messages` (`id`, `from_user_id`, `to_user_id`, `message_header`, `message_body`, `is_delivered`, `was_edited`, `created_at`, `updated_at`) VALUES (75, 1, 2, 'Dolores voluptatibus animi est sunt dolores ullam ea. Voluptas natus omnis vel consectetur est molestiae laborum. Perferendis magni corrupti fugit quae vitae.', 'Omnis qui nam eius quae voluptates velit. Ullam sunt ullam minus. Dolores voluptates veritatis deserunt ullam perspiciatis temporibus sed error. Ipsam est provident nobis.', 1, 0, '1996-12-19 08:03:33', '1982-07-22 19:24:18');
INSERT IGNORE INTO `messages` (`id`, `from_user_id`, `to_user_id`, `message_header`, `message_body`, `is_delivered`, `was_edited`, `created_at`, `updated_at`) VALUES (76, 9, 3, 'Quam quidem culpa dolorem minima totam autem. Impedit ipsa aut enim sapiente natus neque. Deserunt autem minus sunt asperiores reprehenderit et dolorem. Voluptates labore accusamus dolorem est nisi officiis a.', 'Asperiores corrupti beatae eum dolore nostrum. Rem qui totam voluptates ea et natus ea. Cupiditate dolore quam eum molestiae ipsa magnam ea.', 1, 0, '1971-11-24 16:47:08', '2006-04-13 15:48:02');
INSERT IGNORE INTO `messages` (`id`, `from_user_id`, `to_user_id`, `message_header`, `message_body`, `is_delivered`, `was_edited`, `created_at`, `updated_at`) VALUES (77, 9, 2, 'Quidem ipsum enim ut cupiditate repellendus et facilis. Ex numquam cum autem impedit sit id esse minima. Quia minima illo eum atque vel. Deleniti consectetur accusamus adipisci incidunt nisi quo.', 'Neque consequuntur consequatur laudantium suscipit nam voluptatem. Magnam dicta sint libero ab.', 0, 0, '2002-01-06 03:20:41', '1988-11-18 11:35:03');
INSERT IGNORE INTO `messages` (`id`, `from_user_id`, `to_user_id`, `message_header`, `message_body`, `is_delivered`, `was_edited`, `created_at`, `updated_at`) VALUES (78, 2, 8, 'Enim quo cupiditate ex quo tempore sint. Aut nobis quidem beatae qui. Quaerat sed et ipsam.', 'Sint voluptas autem voluptatum non id ut. Voluptates praesentium laudantium dolores accusamus ad ullam. Dolores optio ut iusto sint sequi. Vero distinctio omnis consequatur ut in quae quo hic.', 0, 0, '2015-08-13 13:00:29', '1972-03-15 11:52:44');
INSERT IGNORE INTO `messages` (`id`, `from_user_id`, `to_user_id`, `message_header`, `message_body`, `is_delivered`, `was_edited`, `created_at`, `updated_at`) VALUES (79, 1, 5, 'Ut ut velit soluta maiores est ducimus placeat facilis. Vel ea ut cupiditate possimus voluptas. Sunt adipisci tempore animi omnis dolor sed sunt. Aut omnis adipisci tempore nam magni.', 'Qui dignissimos inventore et ex voluptatem omnis assumenda. Voluptatum soluta quia non voluptas accusamus vel sapiente. Qui velit provident id fugiat libero atque.', 1, 0, '1990-06-21 21:58:22', '1994-10-06 11:39:52');
INSERT IGNORE INTO `messages` (`id`, `from_user_id`, `to_user_id`, `message_header`, `message_body`, `is_delivered`, `was_edited`, `created_at`, `updated_at`) VALUES (80, 3, 2, 'Ipsam dolor totam velit doloremque quam. Facilis qui quae reprehenderit nam aut aut. Non minus voluptas maiores enim.', 'Laborum culpa est et doloremque. Voluptatum aut eius nisi sunt voluptatem necessitatibus iste. Quia dolor qui eaque expedita at.', 1, 0, '2019-10-15 06:01:00', '1972-02-15 18:28:47');
INSERT IGNORE INTO `messages` (`id`, `from_user_id`, `to_user_id`, `message_header`, `message_body`, `is_delivered`, `was_edited`, `created_at`, `updated_at`) VALUES (81, 5, 5, 'Et magni ratione eius molestiae error nihil. Maxime reprehenderit atque facere ut animi aperiam magnam. Sunt quia vel nulla placeat velit sed. Praesentium pariatur ullam eos debitis atque. Exercitationem tempora sed modi sequi vel ipsam.', 'Dolore aut sit consequatur veniam voluptatibus eligendi. Deleniti earum quod sed. Amet nam velit asperiores consequatur. Molestias voluptas enim nisi non veritatis ratione non. Voluptate consequuntur quae rerum amet.', 0, 0, '2014-02-08 12:12:32', '2014-07-29 12:20:14');
INSERT IGNORE INTO `messages` (`id`, `from_user_id`, `to_user_id`, `message_header`, `message_body`, `is_delivered`, `was_edited`, `created_at`, `updated_at`) VALUES (82, 3, 2, 'Ut atque rerum quam dicta ut non. Possimus accusamus voluptas est explicabo facere ut. Error dolores quos ab repellendus omnis.', 'Fugiat cumque non et et sit sint consequuntur. Dolor iure dolorum ea aliquid debitis. Reprehenderit eum consequatur aut perspiciatis ut sapiente.', 1, 0, '2020-05-19 06:26:33', '1995-03-06 19:45:11');
INSERT IGNORE INTO `messages` (`id`, `from_user_id`, `to_user_id`, `message_header`, `message_body`, `is_delivered`, `was_edited`, `created_at`, `updated_at`) VALUES (83, 1, 7, 'Accusamus aspernatur facilis quia et similique itaque architecto reiciendis. Saepe maxime corporis eos quo. Vel ex velit placeat atque.', 'Labore debitis modi impedit. Dolores hic quaerat ut quas quo. Omnis asperiores laudantium facilis ut.', 0, 0, '1974-03-31 14:33:04', '1976-10-27 18:18:10');
INSERT IGNORE INTO `messages` (`id`, `from_user_id`, `to_user_id`, `message_header`, `message_body`, `is_delivered`, `was_edited`, `created_at`, `updated_at`) VALUES (84, 8, 2, 'Veritatis et beatae enim velit nostrum omnis. Et sequi voluptas magni eos ut qui. Illum voluptatem qui omnis.', 'Autem perferendis quam cum dolor rerum. Modi id corrupti voluptas et aliquid explicabo.', 1, 0, '1978-01-05 00:08:14', '1985-12-24 23:54:55');
INSERT IGNORE INTO `messages` (`id`, `from_user_id`, `to_user_id`, `message_header`, `message_body`, `is_delivered`, `was_edited`, `created_at`, `updated_at`) VALUES (85, 5, 9, 'Dolorem officiis omnis similique minus eligendi velit in eum. Cum est at officiis impedit a. Omnis qui explicabo et magni cumque iusto et cupiditate. Autem velit illum debitis dolorem.', 'Repudiandae pariatur aut beatae expedita. Fugiat et quibusdam molestiae provident at. Praesentium distinctio inventore odio sapiente. Explicabo eum aut qui dolorem sed.', 1, 0, '1972-04-29 13:32:57', '2002-05-09 23:18:00');
INSERT IGNORE INTO `messages` (`id`, `from_user_id`, `to_user_id`, `message_header`, `message_body`, `is_delivered`, `was_edited`, `created_at`, `updated_at`) VALUES (86, 1, 3, 'Facere voluptatem quidem similique tempora ut eum. Amet eos eligendi illo rerum repudiandae. Laudantium eum vero in in.', 'Natus esse qui quo ut. Error dicta doloremque molestiae id aut. Itaque officia sunt occaecati eum in quo eius. Soluta dolorem qui sed fugiat. Aliquam est veritatis est a aut.', 0, 0, '2009-12-26 02:54:57', '2013-04-04 15:39:30');
INSERT IGNORE INTO `messages` (`id`, `from_user_id`, `to_user_id`, `message_header`, `message_body`, `is_delivered`, `was_edited`, `created_at`, `updated_at`) VALUES (87, 6, 6, 'Optio nesciunt consequatur nisi et dolorem qui odio sapiente. Et laborum esse aut omnis alias ipsum. Aspernatur quas id neque omnis et.', 'Repudiandae dolore illo dolores consequatur architecto reprehenderit. Non ut porro non aut. Repudiandae omnis nostrum sed et qui et. Culpa praesentium iste consequatur doloribus quod.', 1, 0, '1995-03-15 10:22:00', '1992-09-17 09:13:56');
INSERT IGNORE INTO `messages` (`id`, `from_user_id`, `to_user_id`, `message_header`, `message_body`, `is_delivered`, `was_edited`, `created_at`, `updated_at`) VALUES (88, 2, 2, 'Magnam atque ut consequuntur asperiores voluptatem. Minus blanditiis dicta reiciendis. Molestias asperiores nulla et quia qui itaque.', 'Delectus delectus dicta doloremque totam consequatur et. Aut illo atque ut minima. Corporis accusamus iusto sint molestias.', 1, 0, '1978-02-15 16:10:44', '1996-06-20 09:54:51');
INSERT IGNORE INTO `messages` (`id`, `from_user_id`, `to_user_id`, `message_header`, `message_body`, `is_delivered`, `was_edited`, `created_at`, `updated_at`) VALUES (89, 8, 8, 'Harum mollitia necessitatibus ratione. Rem eligendi rem sint quas sunt ut non. Assumenda architecto temporibus eos libero et est.', 'Excepturi tempora at assumenda excepturi enim aut enim. Quia doloribus atque consectetur eius praesentium. Nostrum in ducimus tempora qui natus molestiae delectus quia. Eum explicabo facilis quia culpa totam.', 0, 0, '2013-01-04 21:26:05', '1991-04-08 20:03:29');
INSERT IGNORE INTO `messages` (`id`, `from_user_id`, `to_user_id`, `message_header`, `message_body`, `is_delivered`, `was_edited`, `created_at`, `updated_at`) VALUES (90, 6, 8, 'Explicabo qui velit est necessitatibus eum. Sequi eligendi fugiat adipisci praesentium distinctio quis maiores. Odio et occaecati ut fugit labore quibusdam. Illo aspernatur natus eaque.', 'Ad dolorum voluptatem ipsa ab et nemo qui. Et non odio tempora nam delectus rem.', 0, 0, '1977-06-18 22:48:21', '1988-05-23 13:32:04');
INSERT IGNORE INTO `messages` (`id`, `from_user_id`, `to_user_id`, `message_header`, `message_body`, `is_delivered`, `was_edited`, `created_at`, `updated_at`) VALUES (91, 0, 8, 'Soluta rerum totam saepe debitis amet repellendus aut. Et est esse et nostrum. Consequatur quaerat repudiandae id ut quia iste. Eum cumque magni aliquam dolorum expedita labore unde saepe.', 'Laudantium nisi et placeat. Saepe qui est quis ipsa velit. Et praesentium error delectus expedita aut eveniet quia.', 1, 0, '1998-02-13 03:14:36', '1980-07-28 20:18:43');
INSERT IGNORE INTO `messages` (`id`, `from_user_id`, `to_user_id`, `message_header`, `message_body`, `is_delivered`, `was_edited`, `created_at`, `updated_at`) VALUES (92, 4, 7, 'Veritatis consequatur voluptas et est. Iure optio dolores tenetur tempore sed. Sed illo laudantium maxime.', 'Ad voluptatum ullam deserunt corrupti quod quia ut. Ab sit sit aut cupiditate ex iure aut qui. Quo voluptates ipsum quas minima unde. Ut ut neque vel veniam dolor.', 1, 0, '1998-05-22 18:19:17', '1979-02-02 02:43:34');
INSERT IGNORE INTO `messages` (`id`, `from_user_id`, `to_user_id`, `message_header`, `message_body`, `is_delivered`, `was_edited`, `created_at`, `updated_at`) VALUES (93, 1, 5, 'Labore architecto cumque at. Labore velit deserunt voluptas enim praesentium dolor nostrum. Nobis beatae illo laudantium qui. Voluptatem facere nihil ut velit.', 'Nihil sapiente et placeat exercitationem perferendis in. Sint aperiam id non culpa laborum a reprehenderit. Repellat sit minima cupiditate quo delectus quia suscipit. Similique recusandae reiciendis laudantium doloremque.', 0, 0, '2017-04-05 11:03:40', '1982-03-23 12:48:58');
INSERT IGNORE INTO `messages` (`id`, `from_user_id`, `to_user_id`, `message_header`, `message_body`, `is_delivered`, `was_edited`, `created_at`, `updated_at`) VALUES (94, 7, 3, 'Harum provident saepe quisquam fugiat in voluptate omnis. Mollitia suscipit dolorem libero aliquid necessitatibus. Ipsum cum voluptatum sed quisquam officia ipsa.', 'Ullam odit eveniet quam totam eveniet. Aperiam et voluptate voluptatum omnis et. Rerum vero similique error aut tempora magni. Ut doloribus perspiciatis sequi voluptatem reiciendis voluptatibus.', 0, 0, '1972-03-10 19:04:10', '2013-12-06 17:19:15');
INSERT IGNORE INTO `messages` (`id`, `from_user_id`, `to_user_id`, `message_header`, `message_body`, `is_delivered`, `was_edited`, `created_at`, `updated_at`) VALUES (95, 8, 9, 'Eligendi quis voluptatibus qui ipsa. Modi itaque tempore omnis vero. Voluptatem voluptatibus delectus sequi et. Harum et eos ut eum pariatur.', 'Aperiam et accusamus neque corporis ratione fugiat id. Sint ut qui alias quidem. Architecto dolorem odio voluptas inventore animi quo. Ratione eius minima id ut molestiae excepturi.', 0, 0, '1997-02-16 01:20:08', '1980-11-14 03:25:31');
INSERT IGNORE INTO `messages` (`id`, `from_user_id`, `to_user_id`, `message_header`, `message_body`, `is_delivered`, `was_edited`, `created_at`, `updated_at`) VALUES (96, 3, 1, 'Harum deserunt facere facere atque reiciendis et. Tempora qui ab similique aut rerum voluptatum qui. Enim qui est unde recusandae officia nesciunt nihil. Aut reprehenderit vero vel.', 'Iure vel sint et consectetur voluptas molestiae qui. Sed voluptas dolores quas iusto occaecati corporis. Voluptas voluptas ab accusantium totam debitis minima.', 0, 0, '1972-08-20 15:08:26', '1971-05-01 07:20:46');
INSERT IGNORE INTO `messages` (`id`, `from_user_id`, `to_user_id`, `message_header`, `message_body`, `is_delivered`, `was_edited`, `created_at`, `updated_at`) VALUES (97, 8, 6, 'Aut consequatur qui laudantium ea et magni cumque. Velit debitis veritatis aliquam quis.', 'Eius eius doloremque aut dolores eveniet praesentium. Minus nesciunt nostrum quaerat expedita.', 0, 0, '2005-09-23 17:08:26', '2020-01-10 11:49:57');
INSERT IGNORE INTO `messages` (`id`, `from_user_id`, `to_user_id`, `message_header`, `message_body`, `is_delivered`, `was_edited`, `created_at`, `updated_at`) VALUES (98, 0, 9, 'Et consequatur odio harum ut consequatur et culpa tenetur. Ratione itaque consequatur earum voluptatibus natus sequi facere. Sit perspiciatis molestias nemo sed molestiae odio voluptates.', 'Provident non nostrum et aut. Iure officiis ea amet natus nisi numquam. Corrupti non consequatur accusantium. Optio ad voluptatum ab voluptatibus eos explicabo. Qui impedit earum porro voluptate qui quaerat ut dolorem.', 1, 0, '1982-12-18 11:11:32', '2017-06-16 18:54:51');
INSERT IGNORE INTO `messages` (`id`, `from_user_id`, `to_user_id`, `message_header`, `message_body`, `is_delivered`, `was_edited`, `created_at`, `updated_at`) VALUES (99, 2, 3, 'Magni non ea animi voluptas. Autem vitae aperiam ut laudantium voluptatem omnis. Delectus voluptas autem illo eos laudantium et. Autem est accusantium dolorem temporibus.', 'Id labore blanditiis tempora maiores repellat quia mollitia quibusdam. Odit corrupti repellat porro delectus a. Aut ea quo velit consequuntur dignissimos dicta.', 1, 0, '1974-11-01 03:30:10', '1984-06-23 18:43:58');
INSERT IGNORE INTO `messages` (`id`, `from_user_id`, `to_user_id`, `message_header`, `message_body`, `is_delivered`, `was_edited`, `created_at`, `updated_at`) VALUES (100, 5, 7, 'Suscipit aut fugit molestiae quo labore. Sint laborum et perspiciatis et. Beatae blanditiis dolorem incidunt totam officia.', 'Fugiat rerum unde et ea enim provident. Deleniti nihil est et quos architecto sit labore. Accusamus repellendus necessitatibus at ad aut molestiae.', 0, 0, '1970-12-21 16:31:32', '1979-10-21 10:03:04');

-- Заносим данные "friendship"
INSERT IGNORE INTO `friendship` (`user_id`, `friend_id`, `friendship_status`, `requested_at`, `confirmed_at`, `created_at`, `updated_at`) VALUES (0, 7, 'BLOCKED', '1972-07-21 13:36:40', '1973-09-20 02:41:04', '2006-12-02 03:05:33', '1972-01-03 15:41:12');
INSERT IGNORE INTO `friendship` (`user_id`, `friend_id`, `friendship_status`, `requested_at`, `confirmed_at`, `created_at`, `updated_at`) VALUES (1, 1, 'FRIENDSHIP', '1995-06-22 19:40:59', '1979-11-06 00:03:08', '1971-10-30 21:15:22', '2004-02-27 13:47:43');
INSERT IGNORE INTO `friendship` (`user_id`, `friend_id`, `friendship_status`, `requested_at`, `confirmed_at`, `created_at`, `updated_at`) VALUES (2, 1, 'FOLLOWING', '2000-05-05 06:44:51', '1977-06-18 20:49:12', '1972-06-18 18:18:53', '2000-02-18 23:13:52');
INSERT IGNORE INTO `friendship` (`user_id`, `friend_id`, `friendship_status`, `requested_at`, `confirmed_at`, `created_at`, `updated_at`) VALUES (2, 5, 'FOLLOWING', '2001-06-16 06:50:26', '1974-02-04 06:15:05', '1985-09-17 18:45:01', '2017-09-02 08:30:49');
INSERT IGNORE INTO `friendship` (`user_id`, `friend_id`, `friendship_status`, `requested_at`, `confirmed_at`, `created_at`, `updated_at`) VALUES (2, 6, 'FOLLOWING', '1987-02-19 14:18:22', '2000-07-02 01:33:20', '1982-03-18 10:57:53', '2011-03-04 21:20:05');
INSERT IGNORE INTO `friendship` (`user_id`, `friend_id`, `friendship_status`, `requested_at`, `confirmed_at`, `created_at`, `updated_at`) VALUES (3, 0, 'BLOCKED', '1986-06-14 01:18:35', '2003-10-18 01:03:29', '1996-01-04 10:13:07', '2005-02-23 11:19:55');
INSERT IGNORE INTO `friendship` (`user_id`, `friend_id`, `friendship_status`, `requested_at`, `confirmed_at`, `created_at`, `updated_at`) VALUES (4, 3, 'FRIENDSHIP', '1990-11-23 21:19:56', '1998-06-01 09:08:36', '1995-08-17 02:28:04', '2004-08-14 03:13:11');
INSERT IGNORE INTO `friendship` (`user_id`, `friend_id`, `friendship_status`, `requested_at`, `confirmed_at`, `created_at`, `updated_at`) VALUES (4, 5, 'FRIENDSHIP', '1990-02-17 11:34:19', '1985-12-15 05:50:15', '2018-10-05 11:12:14', '1973-07-27 22:28:45');
INSERT IGNORE INTO `friendship` (`user_id`, `friend_id`, `friendship_status`, `requested_at`, `confirmed_at`, `created_at`, `updated_at`) VALUES (4, 6, 'FOLLOWING', '1980-04-06 11:43:03', '2017-09-04 03:22:47', '1970-04-27 09:14:35', '1975-01-15 11:01:07');
INSERT IGNORE INTO `friendship` (`user_id`, `friend_id`, `friendship_status`, `requested_at`, `confirmed_at`, `created_at`, `updated_at`) VALUES (4, 8, 'FRIENDSHIP', '2012-11-14 08:26:39', '1995-11-11 06:27:33', '1989-01-30 17:24:08', '1983-10-18 14:32:11');
INSERT IGNORE INTO `friendship` (`user_id`, `friend_id`, `friendship_status`, `requested_at`, `confirmed_at`, `created_at`, `updated_at`) VALUES (5, 5, 'FOLLOWING', '1975-02-08 19:24:00', '1979-12-08 08:12:43', '1999-11-27 10:36:59', '2019-04-24 01:49:11');
INSERT IGNORE INTO `friendship` (`user_id`, `friend_id`, `friendship_status`, `requested_at`, `confirmed_at`, `created_at`, `updated_at`) VALUES (6, 4, 'BLOCKED', '2004-10-10 22:50:33', '2015-04-11 13:24:01', '1977-10-28 00:19:25', '2017-10-28 02:10:57');
INSERT IGNORE INTO `friendship` (`user_id`, `friend_id`, `friendship_status`, `requested_at`, `confirmed_at`, `created_at`, `updated_at`) VALUES (6, 8, 'BLOCKED', '2011-04-07 12:51:15', '1976-11-13 22:10:45', '1977-09-10 13:53:00', '1998-01-17 01:33:24');
INSERT IGNORE INTO `friendship` (`user_id`, `friend_id`, `friendship_status`, `requested_at`, `confirmed_at`, `created_at`, `updated_at`) VALUES (7, 8, 'FOLLOWING', '2009-07-09 20:17:22', '2007-08-11 11:36:49', '2000-02-08 22:29:14', '2018-07-31 07:48:47');
INSERT IGNORE INTO `friendship` (`user_id`, `friend_id`, `friendship_status`, `requested_at`, `confirmed_at`, `created_at`, `updated_at`) VALUES (8, 0, 'FOLLOWING', '1978-09-16 01:17:47', '1999-10-14 22:02:57', '1976-03-20 12:43:44', '1999-01-12 02:26:40');
INSERT IGNORE INTO `friendship` (`user_id`, `friend_id`, `friendship_status`, `requested_at`, `confirmed_at`, `created_at`, `updated_at`) VALUES (8, 2, 'FOLLOWING', '1977-03-02 20:25:23', '2014-11-28 14:28:14', '1994-07-22 18:52:45', '2005-11-13 12:47:18');
INSERT IGNORE INTO `friendship` (`user_id`, `friend_id`, `friendship_status`, `requested_at`, `confirmed_at`, `created_at`, `updated_at`) VALUES (8, 3, 'FOLLOWING', '1993-02-10 18:31:11', '1998-11-11 05:51:52', '2005-09-28 06:00:23', '2011-12-12 05:26:11');
INSERT IGNORE INTO `friendship` (`user_id`, `friend_id`, `friendship_status`, `requested_at`, `confirmed_at`, `created_at`, `updated_at`) VALUES (8, 5, 'FRIENDSHIP', '2008-09-15 07:05:09', '1992-07-31 23:28:53', '1984-12-31 21:26:35', '2006-04-09 09:39:34');
INSERT IGNORE INTO `friendship` (`user_id`, `friend_id`, `friendship_status`, `requested_at`, `confirmed_at`, `created_at`, `updated_at`) VALUES (9, 2, 'FRIENDSHIP', '1997-10-22 20:03:32', '1991-01-19 01:23:38', '1971-01-22 10:21:18', '1985-10-21 02:26:01');

-- Заносим данные "communities"
INSERT IGNORE INTO `communities` (`id`, `name`, `created_at`, `updated_at`) VALUES (1, 'amet', '1987-12-04 01:01:19', '2002-03-01 02:29:46');
INSERT IGNORE INTO `communities` (`id`, `name`, `created_at`, `updated_at`) VALUES (2, 'nostrum', '2017-02-24 08:29:23', '2001-04-09 19:53:51');
INSERT IGNORE INTO `communities` (`id`, `name`, `created_at`, `updated_at`) VALUES (3, 'velit', '2006-07-17 01:39:56', '1989-07-11 13:25:50');
INSERT IGNORE INTO `communities` (`id`, `name`, `created_at`, `updated_at`) VALUES (4, 'qui', '1989-04-26 15:07:33', '2009-03-18 09:02:57');
INSERT IGNORE INTO `communities` (`id`, `name`, `created_at`, `updated_at`) VALUES (5, 'nihil', '1979-10-01 10:33:10', '2021-03-28 04:09:08');
INSERT IGNORE INTO `communities` (`id`, `name`, `created_at`, `updated_at`) VALUES (6, 'blanditiis', '1993-12-16 23:15:15', '1994-01-21 07:30:43');
INSERT IGNORE INTO `communities` (`id`, `name`, `created_at`, `updated_at`) VALUES (7, 'hic', '2008-09-21 10:15:39', '1988-11-30 21:15:30');
INSERT IGNORE INTO `communities` (`id`, `name`, `created_at`, `updated_at`) VALUES (8, 'est', '1987-09-09 22:04:36', '2009-03-04 10:43:17');
INSERT IGNORE INTO `communities` (`id`, `name`, `created_at`, `updated_at`) VALUES (9, 'sed', '1995-12-08 22:42:26', '2012-08-17 17:44:40');
INSERT IGNORE INTO `communities` (`id`, `name`, `created_at`, `updated_at`) VALUES (10, 'esse', '1980-02-15 22:30:51', '2011-09-10 20:28:02');
INSERT IGNORE INTO `communities` (`id`, `name`, `created_at`, `updated_at`) VALUES (11, 'dolores', '1994-11-24 17:08:21', '2007-07-04 11:00:27');
INSERT IGNORE INTO `communities` (`id`, `name`, `created_at`, `updated_at`) VALUES (12, 'similique', '2006-06-09 23:51:09', '2014-04-01 14:09:58');
INSERT IGNORE INTO `communities` (`id`, `name`, `created_at`, `updated_at`) VALUES (13, 'fugiat', '2005-12-12 00:42:12', '1973-03-13 05:45:48');
INSERT IGNORE INTO `communities` (`id`, `name`, `created_at`, `updated_at`) VALUES (14, 'exercitationem', '1990-01-25 02:29:27', '1972-01-17 18:41:28');
INSERT IGNORE INTO `communities` (`id`, `name`, `created_at`, `updated_at`) VALUES (15, 'voluptas', '1981-06-11 06:26:27', '1980-02-12 09:23:11');
INSERT IGNORE INTO `communities` (`id`, `name`, `created_at`, `updated_at`) VALUES (16, 'animi', '1971-09-24 05:00:50', '2004-05-05 23:21:45');
INSERT IGNORE INTO `communities` (`id`, `name`, `created_at`, `updated_at`) VALUES (17, 'dolorem', '1992-10-26 15:41:01', '1997-07-05 18:13:03');
INSERT IGNORE INTO `communities` (`id`, `name`, `created_at`, `updated_at`) VALUES (18, 'porro', '1974-02-21 18:53:04', '1983-10-01 06:34:53');
INSERT IGNORE INTO `communities` (`id`, `name`, `created_at`, `updated_at`) VALUES (19, 'facilis', '1992-12-30 19:46:39', '1989-04-22 01:36:09');
INSERT IGNORE INTO `communities` (`id`, `name`, `created_at`, `updated_at`) VALUES (20, 'ut', '2005-04-11 22:38:37', '1970-03-11 22:11:24');

-- Заносим данные "communities_users"
INSERT IGNORE INTO `communities_users` (`community_id`, `user_id`, `created_at`) VALUES (0, 2, '2015-08-01 22:26:26');
INSERT IGNORE INTO `communities_users` (`community_id`, `user_id`, `created_at`) VALUES (0, 8, '1980-12-07 09:16:02');
INSERT IGNORE INTO `communities_users` (`community_id`, `user_id`, `created_at`) VALUES (0, 9, '1988-11-18 00:04:54');
INSERT IGNORE INTO `communities_users` (`community_id`, `user_id`, `created_at`) VALUES (2, 1, '2003-04-14 13:57:52');
INSERT IGNORE INTO `communities_users` (`community_id`, `user_id`, `created_at`) VALUES (2, 2, '1981-12-09 19:16:48');
INSERT IGNORE INTO `communities_users` (`community_id`, `user_id`, `created_at`) VALUES (3, 6, '1999-09-23 16:11:32');
INSERT IGNORE INTO `communities_users` (`community_id`, `user_id`, `created_at`) VALUES (4, 2, '1978-08-07 07:44:43');
INSERT IGNORE INTO `communities_users` (`community_id`, `user_id`, `created_at`) VALUES (4, 4, '2020-09-03 11:52:38');
INSERT IGNORE INTO `communities_users` (`community_id`, `user_id`, `created_at`) VALUES (5, 6, '1993-10-02 21:32:19');
INSERT IGNORE INTO `communities_users` (`community_id`, `user_id`, `created_at`) VALUES (5, 8, '1996-03-19 10:53:51');
INSERT IGNORE INTO `communities_users` (`community_id`, `user_id`, `created_at`) VALUES (6, 6, '1994-09-17 05:05:50');
INSERT IGNORE INTO `communities_users` (`community_id`, `user_id`, `created_at`) VALUES (6, 7, '1980-03-27 13:57:00');
INSERT IGNORE INTO `communities_users` (`community_id`, `user_id`, `created_at`) VALUES (6, 9, '1995-11-20 11:17:18');
INSERT IGNORE INTO `communities_users` (`community_id`, `user_id`, `created_at`) VALUES (7, 3, '1972-03-30 16:37:46');
INSERT IGNORE INTO `communities_users` (`community_id`, `user_id`, `created_at`) VALUES (8, 2, '1982-11-20 00:57:53');
INSERT IGNORE INTO `communities_users` (`community_id`, `user_id`, `created_at`) VALUES (8, 6, '2008-07-26 04:19:56');
INSERT IGNORE INTO `communities_users` (`community_id`, `user_id`, `created_at`) VALUES (8, 9, '2020-03-14 09:03:56');
INSERT IGNORE INTO `communities_users` (`community_id`, `user_id`, `created_at`) VALUES (9, 8, '2005-07-12 10:52:40');

-- Заносим данные "entity_types"
INSERT IGNORE INTO `entity_types` (`name`) VALUES ('aliquam');
INSERT IGNORE INTO `entity_types` (`name`) VALUES ('consequatur');
INSERT IGNORE INTO `entity_types` (`name`) VALUES ('delectus');
INSERT IGNORE INTO `entity_types` (`name`) VALUES ('dolorem');
INSERT IGNORE INTO `entity_types` (`name`) VALUES ('doloremque');
INSERT IGNORE INTO `entity_types` (`name`) VALUES ('enim');
INSERT IGNORE INTO `entity_types` (`name`) VALUES ('et');
INSERT IGNORE INTO `entity_types` (`name`) VALUES ('expedita');
INSERT IGNORE INTO `entity_types` (`name`) VALUES ('ipsum');
INSERT IGNORE INTO `entity_types` (`name`) VALUES ('iusto');
INSERT IGNORE INTO `entity_types` (`name`) VALUES ('molestiae');
INSERT IGNORE INTO `entity_types` (`name`) VALUES ('necessitatibus');
INSERT IGNORE INTO `entity_types` (`name`) VALUES ('nihil');
INSERT IGNORE INTO `entity_types` (`name`) VALUES ('praesentium');
INSERT IGNORE INTO `entity_types` (`name`) VALUES ('quasi');
INSERT IGNORE INTO `entity_types` (`name`) VALUES ('qui');
INSERT IGNORE INTO `entity_types` (`name`) VALUES ('ratione');
INSERT IGNORE INTO `entity_types` (`name`) VALUES ('vero');
INSERT IGNORE INTO `entity_types` (`name`) VALUES ('voluptas');
INSERT IGNORE INTO `entity_types` (`name`) VALUES ('voluptate');

-- Заносим данные "media_types"
INSERT IGNORE INTO `media_types` (`name`) VALUES ('alias');
INSERT IGNORE INTO `media_types` (`name`) VALUES ('asperiores');
INSERT IGNORE INTO `media_types` (`name`) VALUES ('consequatur');
INSERT IGNORE INTO `media_types` (`name`) VALUES ('deleniti');
INSERT IGNORE INTO `media_types` (`name`) VALUES ('et');
INSERT IGNORE INTO `media_types` (`name`) VALUES ('exercitationem');
INSERT IGNORE INTO `media_types` (`name`) VALUES ('incidunt');
INSERT IGNORE INTO `media_types` (`name`) VALUES ('molestiae');
INSERT IGNORE INTO `media_types` (`name`) VALUES ('non');
INSERT IGNORE INTO `media_types` (`name`) VALUES ('omnis');
INSERT IGNORE INTO `media_types` (`name`) VALUES ('quas');
INSERT IGNORE INTO `media_types` (`name`) VALUES ('qui');
INSERT IGNORE INTO `media_types` (`name`) VALUES ('quia');
INSERT IGNORE INTO `media_types` (`name`) VALUES ('repellat');
INSERT IGNORE INTO `media_types` (`name`) VALUES ('similique');
INSERT IGNORE INTO `media_types` (`name`) VALUES ('sunt');
INSERT IGNORE INTO `media_types` (`name`) VALUES ('totam');
INSERT IGNORE INTO `media_types` (`name`) VALUES ('ut');
INSERT IGNORE INTO `media_types` (`name`) VALUES ('velit');
INSERT IGNORE INTO `media_types` (`name`) VALUES ('voluptatum');

-- Заносим данные "media"
INSERT IGNORE INTO `media` (`id`, `media_type`, `link`, `created_at`, `updated_at`) VALUES (1, 'nisi', 'http://www.green.com/', '1992-02-09 17:25:19', '1981-03-11 06:46:41');
INSERT IGNORE INTO `media` (`id`, `media_type`, `link`, `created_at`, `updated_at`) VALUES (2, 'vel', 'http://www.keebler.com/', '2007-03-17 06:56:30', '1979-03-28 20:40:05');
INSERT IGNORE INTO `media` (`id`, `media_type`, `link`, `created_at`, `updated_at`) VALUES (3, 'tempora', 'http://greenfelder.com/', '1988-12-14 11:52:04', '1982-03-26 22:14:06');
INSERT IGNORE INTO `media` (`id`, `media_type`, `link`, `created_at`, `updated_at`) VALUES (4, 'mollitia', 'http://www.jacobi.com/', '2004-10-19 07:35:39', '1985-12-18 02:00:13');
INSERT IGNORE INTO `media` (`id`, `media_type`, `link`, `created_at`, `updated_at`) VALUES (5, 'sit', 'http://koch.com/', '2001-02-26 03:53:02', '1981-05-10 11:28:57');
INSERT IGNORE INTO `media` (`id`, `media_type`, `link`, `created_at`, `updated_at`) VALUES (6, 'optio', 'http://www.yostbalistreri.net/', '2000-06-05 11:45:24', '1978-12-03 18:10:58');
INSERT IGNORE INTO `media` (`id`, `media_type`, `link`, `created_at`, `updated_at`) VALUES (7, 'quas', 'http://www.kutch.info/', '2006-03-04 12:19:59', '2015-12-14 22:30:44');
INSERT IGNORE INTO `media` (`id`, `media_type`, `link`, `created_at`, `updated_at`) VALUES (8, 'sit', 'http://www.rippin.com/', '2015-12-03 16:29:57', '2006-09-06 12:32:30');
INSERT IGNORE INTO `media` (`id`, `media_type`, `link`, `created_at`, `updated_at`) VALUES (9, 'fugit', 'http://www.kiehn.org/', '1971-05-05 20:51:57', '2014-05-28 06:34:50');
INSERT IGNORE INTO `media` (`id`, `media_type`, `link`, `created_at`, `updated_at`) VALUES (10, 'ratione', 'http://www.gaylord.com/', '2009-02-16 05:04:11', '1991-08-29 19:20:43');
INSERT IGNORE INTO `media` (`id`, `media_type`, `link`, `created_at`, `updated_at`) VALUES (11, 'saepe', 'http://www.braun.org/', '2008-01-30 17:13:40', '1984-09-28 06:53:48');
INSERT IGNORE INTO `media` (`id`, `media_type`, `link`, `created_at`, `updated_at`) VALUES (12, 'beatae', 'http://purdy.info/', '1971-08-10 13:38:20', '2012-12-21 17:08:06');
INSERT IGNORE INTO `media` (`id`, `media_type`, `link`, `created_at`, `updated_at`) VALUES (13, 'quidem', 'http://stokes.com/', '1981-06-13 01:58:00', '1976-09-14 16:56:20');
INSERT IGNORE INTO `media` (`id`, `media_type`, `link`, `created_at`, `updated_at`) VALUES (14, 'ab', 'http://bayerlesch.com/', '2009-10-10 01:52:09', '1974-12-09 15:46:35');
INSERT IGNORE INTO `media` (`id`, `media_type`, `link`, `created_at`, `updated_at`) VALUES (15, 'ratione', 'http://www.roberts.info/', '1992-01-16 03:15:23', '1989-06-20 07:59:19');
INSERT IGNORE INTO `media` (`id`, `media_type`, `link`, `created_at`, `updated_at`) VALUES (16, 'velit', 'http://www.marks.biz/', '1983-06-02 09:56:44', '2000-10-16 12:35:46');
INSERT IGNORE INTO `media` (`id`, `media_type`, `link`, `created_at`, `updated_at`) VALUES (17, 'id', 'http://leffler.org/', '2011-01-07 10:12:49', '2002-10-04 08:45:40');
INSERT IGNORE INTO `media` (`id`, `media_type`, `link`, `created_at`, `updated_at`) VALUES (18, 'magni', 'http://morissette.net/', '1995-06-10 18:14:11', '2008-01-11 13:17:38');
INSERT IGNORE INTO `media` (`id`, `media_type`, `link`, `created_at`, `updated_at`) VALUES (19, 'sapiente', 'http://www.koss.info/', '1974-05-22 01:04:36', '1992-07-15 20:40:02');
INSERT IGNORE INTO `media` (`id`, `media_type`, `link`, `created_at`, `updated_at`) VALUES (20, 'nihil', 'http://www.crooksbotsford.com/', '2006-11-19 15:40:43', '1997-05-29 01:03:14');
INSERT IGNORE INTO `media` (`id`, `media_type`, `link`, `created_at`, `updated_at`) VALUES (21, 'quas', 'http://www.ledner.net/', '1983-01-26 04:40:55', '1994-06-22 02:08:02');
INSERT IGNORE INTO `media` (`id`, `media_type`, `link`, `created_at`, `updated_at`) VALUES (22, 'cum', 'http://abbott.org/', '2011-10-29 05:06:25', '2012-01-23 13:26:37');
INSERT IGNORE INTO `media` (`id`, `media_type`, `link`, `created_at`, `updated_at`) VALUES (23, 'voluptatem', 'http://www.flatleythompson.com/', '2017-11-25 10:27:07', '2006-02-04 00:38:33');
INSERT IGNORE INTO `media` (`id`, `media_type`, `link`, `created_at`, `updated_at`) VALUES (24, 'quia', 'http://www.larkinmarks.biz/', '2015-11-28 06:28:50', '2012-10-15 19:12:39');
INSERT IGNORE INTO `media` (`id`, `media_type`, `link`, `created_at`, `updated_at`) VALUES (25, 'rerum', 'http://fahey.com/', '1985-08-17 08:31:51', '2008-08-29 01:16:15');
INSERT IGNORE INTO `media` (`id`, `media_type`, `link`, `created_at`, `updated_at`) VALUES (26, 'tempora', 'http://donnellybecker.org/', '1990-01-26 21:04:18', '2013-05-23 07:40:51');
INSERT IGNORE INTO `media` (`id`, `media_type`, `link`, `created_at`, `updated_at`) VALUES (27, 'neque', 'http://gleasonbartell.biz/', '2014-01-22 11:15:36', '2010-12-16 13:04:10');
INSERT IGNORE INTO `media` (`id`, `media_type`, `link`, `created_at`, `updated_at`) VALUES (28, 'minus', 'http://www.cremin.biz/', '1987-10-04 08:46:28', '2012-10-11 14:21:13');
INSERT IGNORE INTO `media` (`id`, `media_type`, `link`, `created_at`, `updated_at`) VALUES (29, 'sunt', 'http://parisian.biz/', '1983-02-25 21:36:16', '1971-01-19 05:47:40');
INSERT IGNORE INTO `media` (`id`, `media_type`, `link`, `created_at`, `updated_at`) VALUES (30, 'numquam', 'http://mitchell.com/', '2003-01-31 22:08:25', '2015-01-23 03:21:55');
INSERT IGNORE INTO `media` (`id`, `media_type`, `link`, `created_at`, `updated_at`) VALUES (31, 'est', 'http://ritchieankunding.com/', '1991-12-03 12:22:03', '2019-06-18 11:38:26');
INSERT IGNORE INTO `media` (`id`, `media_type`, `link`, `created_at`, `updated_at`) VALUES (32, 'vitae', 'http://reynoldsnitzsche.info/', '2013-05-09 18:22:12', '1973-11-11 08:37:27');
INSERT IGNORE INTO `media` (`id`, `media_type`, `link`, `created_at`, `updated_at`) VALUES (33, 'iste', 'http://www.gleichner.org/', '1974-08-14 10:00:56', '1997-08-18 18:45:31');
INSERT IGNORE INTO `media` (`id`, `media_type`, `link`, `created_at`, `updated_at`) VALUES (34, 'asperiores', 'http://larkin.com/', '1986-08-21 00:31:46', '1973-12-20 21:54:50');
INSERT IGNORE INTO `media` (`id`, `media_type`, `link`, `created_at`, `updated_at`) VALUES (35, 'et', 'http://www.lynch.com/', '2000-06-18 18:12:58', '1970-01-29 10:27:18');
INSERT IGNORE INTO `media` (`id`, `media_type`, `link`, `created_at`, `updated_at`) VALUES (36, 'similique', 'http://franecki.info/', '2017-03-10 03:52:09', '1971-08-31 21:30:18');
INSERT IGNORE INTO `media` (`id`, `media_type`, `link`, `created_at`, `updated_at`) VALUES (37, 'non', 'http://www.larkin.org/', '1988-05-28 04:09:23', '2017-04-28 20:52:19');
INSERT IGNORE INTO `media` (`id`, `media_type`, `link`, `created_at`, `updated_at`) VALUES (38, 'qui', 'http://www.lockman.biz/', '2020-07-15 16:44:21', '1997-09-07 21:28:44');
INSERT IGNORE INTO `media` (`id`, `media_type`, `link`, `created_at`, `updated_at`) VALUES (39, 'et', 'http://williamson.net/', '1994-05-02 06:06:07', '2005-07-21 12:27:50');
INSERT IGNORE INTO `media` (`id`, `media_type`, `link`, `created_at`, `updated_at`) VALUES (40, 'ad', 'http://weber.com/', '1996-02-25 06:17:09', '2017-05-23 21:28:51');
INSERT IGNORE INTO `media` (`id`, `media_type`, `link`, `created_at`, `updated_at`) VALUES (41, 'voluptatem', 'http://oharacarter.com/', '1979-06-23 12:50:47', '2013-02-10 20:44:54');
INSERT IGNORE INTO `media` (`id`, `media_type`, `link`, `created_at`, `updated_at`) VALUES (42, 'ea', 'http://douglas.info/', '1973-09-17 11:27:03', '1993-07-17 21:25:08');
INSERT IGNORE INTO `media` (`id`, `media_type`, `link`, `created_at`, `updated_at`) VALUES (43, 'alias', 'http://www.labadie.com/', '2020-06-19 19:44:03', '1997-10-31 04:21:22');
INSERT IGNORE INTO `media` (`id`, `media_type`, `link`, `created_at`, `updated_at`) VALUES (44, 'enim', 'http://cormierkeebler.net/', '1972-04-26 12:02:23', '1983-12-19 12:27:41');
INSERT IGNORE INTO `media` (`id`, `media_type`, `link`, `created_at`, `updated_at`) VALUES (45, 'perspiciatis', 'http://www.walterkeeling.net/', '1975-06-28 19:31:08', '1990-10-27 14:53:35');
INSERT IGNORE INTO `media` (`id`, `media_type`, `link`, `created_at`, `updated_at`) VALUES (46, 'voluptas', 'http://douglas.com/', '1974-03-20 01:01:03', '1980-07-27 19:24:05');
INSERT IGNORE INTO `media` (`id`, `media_type`, `link`, `created_at`, `updated_at`) VALUES (47, 'ratione', 'http://morarwest.biz/', '1999-09-18 21:34:37', '1977-07-08 05:07:30');
INSERT IGNORE INTO `media` (`id`, `media_type`, `link`, `created_at`, `updated_at`) VALUES (48, 'aperiam', 'http://www.dooley.info/', '2021-06-06 14:59:58', '1985-12-07 14:47:36');
INSERT IGNORE INTO `media` (`id`, `media_type`, `link`, `created_at`, `updated_at`) VALUES (49, 'placeat', 'http://www.corkery.com/', '1998-11-26 00:46:53', '2000-07-08 23:50:04');
INSERT IGNORE INTO `media` (`id`, `media_type`, `link`, `created_at`, `updated_at`) VALUES (50, 'voluptate', 'http://www.swiftgerlach.info/', '2003-06-21 03:47:38', '1998-04-10 23:23:55');

-- Заносим данные "messages_media"
INSERT IGNORE INTO `messages_media` (`message_id`, `media_id`, `created_at`, `updated_at`) VALUES (0, 1, '1977-10-18 04:19:11', '2012-06-29 09:27:28');
INSERT IGNORE INTO `messages_media` (`message_id`, `media_id`, `created_at`, `updated_at`) VALUES (0, 2, '2003-03-10 07:19:14', '1999-04-30 19:23:48');
INSERT IGNORE INTO `messages_media` (`message_id`, `media_id`, `created_at`, `updated_at`) VALUES (0, 4, '1990-10-22 22:31:53', '2010-12-06 01:40:48');
INSERT IGNORE INTO `messages_media` (`message_id`, `media_id`, `created_at`, `updated_at`) VALUES (0, 5, '1987-05-02 05:28:02', '1970-07-15 10:25:30');
INSERT IGNORE INTO `messages_media` (`message_id`, `media_id`, `created_at`, `updated_at`) VALUES (0, 7, '1976-02-27 03:50:52', '2010-10-29 08:40:29');
INSERT IGNORE INTO `messages_media` (`message_id`, `media_id`, `created_at`, `updated_at`) VALUES (1, 0, '1988-03-22 07:23:40', '2008-08-21 20:30:02');
INSERT IGNORE INTO `messages_media` (`message_id`, `media_id`, `created_at`, `updated_at`) VALUES (1, 4, '1998-01-16 23:22:38', '2014-09-10 07:58:50');
INSERT IGNORE INTO `messages_media` (`message_id`, `media_id`, `created_at`, `updated_at`) VALUES (1, 6, '2009-01-31 14:11:32', '2010-03-16 22:34:42');
INSERT IGNORE INTO `messages_media` (`message_id`, `media_id`, `created_at`, `updated_at`) VALUES (1, 7, '1985-11-17 12:20:42', '1995-07-19 20:38:24');
INSERT IGNORE INTO `messages_media` (`message_id`, `media_id`, `created_at`, `updated_at`) VALUES (2, 3, '1981-08-20 04:36:47', '1981-10-02 06:54:51');
INSERT IGNORE INTO `messages_media` (`message_id`, `media_id`, `created_at`, `updated_at`) VALUES (2, 4, '2018-10-19 23:35:27', '1999-08-28 05:15:52');
INSERT IGNORE INTO `messages_media` (`message_id`, `media_id`, `created_at`, `updated_at`) VALUES (2, 6, '1986-12-27 04:33:41', '1972-01-22 16:36:56');
INSERT IGNORE INTO `messages_media` (`message_id`, `media_id`, `created_at`, `updated_at`) VALUES (2, 7, '1999-03-19 02:15:22', '1990-09-19 08:12:20');
INSERT IGNORE INTO `messages_media` (`message_id`, `media_id`, `created_at`, `updated_at`) VALUES (3, 5, '2008-10-09 15:58:55', '1994-12-20 23:54:57');
INSERT IGNORE INTO `messages_media` (`message_id`, `media_id`, `created_at`, `updated_at`) VALUES (3, 6, '1973-10-22 18:21:34', '2011-04-29 03:28:56');
INSERT IGNORE INTO `messages_media` (`message_id`, `media_id`, `created_at`, `updated_at`) VALUES (3, 8, '1984-12-08 15:20:04', '2010-07-06 06:01:28');
INSERT IGNORE INTO `messages_media` (`message_id`, `media_id`, `created_at`, `updated_at`) VALUES (4, 3, '1995-05-10 10:39:27', '2016-05-22 23:55:13');
INSERT IGNORE INTO `messages_media` (`message_id`, `media_id`, `created_at`, `updated_at`) VALUES (4, 5, '1978-05-04 18:11:22', '1976-12-07 19:39:43');
INSERT IGNORE INTO `messages_media` (`message_id`, `media_id`, `created_at`, `updated_at`) VALUES (4, 7, '1973-10-19 15:19:34', '1988-05-25 23:24:50');
INSERT IGNORE INTO `messages_media` (`message_id`, `media_id`, `created_at`, `updated_at`) VALUES (4, 9, '1987-08-26 15:50:41', '1979-04-26 03:37:29');
INSERT IGNORE INTO `messages_media` (`message_id`, `media_id`, `created_at`, `updated_at`) VALUES (5, 3, '2019-02-03 09:22:20', '2010-10-01 20:14:18');
INSERT IGNORE INTO `messages_media` (`message_id`, `media_id`, `created_at`, `updated_at`) VALUES (5, 5, '1993-04-27 00:15:36', '1988-08-18 22:28:47');
INSERT IGNORE INTO `messages_media` (`message_id`, `media_id`, `created_at`, `updated_at`) VALUES (5, 7, '2012-03-27 09:43:27', '1980-01-23 14:53:30');
INSERT IGNORE INTO `messages_media` (`message_id`, `media_id`, `created_at`, `updated_at`) VALUES (6, 4, '1995-10-20 10:56:05', '1971-09-19 02:29:05');
INSERT IGNORE INTO `messages_media` (`message_id`, `media_id`, `created_at`, `updated_at`) VALUES (6, 9, '2005-01-25 08:01:46', '1984-03-17 17:54:33');
INSERT IGNORE INTO `messages_media` (`message_id`, `media_id`, `created_at`, `updated_at`) VALUES (7, 0, '2005-01-02 01:01:18', '1998-02-04 15:09:25');
INSERT IGNORE INTO `messages_media` (`message_id`, `media_id`, `created_at`, `updated_at`) VALUES (7, 1, '1993-11-13 10:16:39', '1991-03-05 21:56:59');
INSERT IGNORE INTO `messages_media` (`message_id`, `media_id`, `created_at`, `updated_at`) VALUES (8, 0, '1995-06-23 12:37:29', '1981-10-23 05:16:02');
INSERT IGNORE INTO `messages_media` (`message_id`, `media_id`, `created_at`, `updated_at`) VALUES (8, 1, '1987-05-12 10:02:55', '2020-08-05 20:19:58');
INSERT IGNORE INTO `messages_media` (`message_id`, `media_id`, `created_at`, `updated_at`) VALUES (8, 5, '2021-04-18 20:14:18', '1991-03-20 17:55:28');
INSERT IGNORE INTO `messages_media` (`message_id`, `media_id`, `created_at`, `updated_at`) VALUES (8, 6, '1978-09-05 21:45:58', '1972-02-08 08:07:46');
INSERT IGNORE INTO `messages_media` (`message_id`, `media_id`, `created_at`, `updated_at`) VALUES (9, 2, '1971-09-20 07:02:08', '1982-12-15 10:40:23');
INSERT IGNORE INTO `messages_media` (`message_id`, `media_id`, `created_at`, `updated_at`) VALUES (9, 3, '1985-07-31 09:08:31', '2008-12-01 21:30:18');
INSERT IGNORE INTO `messages_media` (`message_id`, `media_id`, `created_at`, `updated_at`) VALUES (9, 4, '1983-02-04 09:01:55', '2014-12-05 15:05:16');
INSERT IGNORE INTO `messages_media` (`message_id`, `media_id`, `created_at`, `updated_at`) VALUES (9, 6, '1971-02-04 00:26:40', '2017-05-09 03:05:38');
INSERT IGNORE INTO `messages_media` (`message_id`, `media_id`, `created_at`, `updated_at`) VALUES (9, 8, '1972-02-08 22:11:01', '2017-07-30 10:28:42');
INSERT IGNORE INTO `messages_media` (`message_id`, `media_id`, `created_at`, `updated_at`) VALUES (9, 9, '1994-08-12 00:53:07', '1980-08-09 12:11:02');

-- Заносим данные "posts"
INSERT IGNORE INTO `posts` (`id`, `user_id`, `community_id`, `post_content`, `visibility`, `created_at`, `updated_at`) VALUES (1, 6, 9, 'Quo quis voluptas ut dolores facilis. Et sit nisi et et. Accusamus tempore ut alias hic voluptatum commodi consectetur. Voluptatum voluptas dolor mollitia dolorem.', 'suscipit', '2000-06-26 12:21:13', '2008-11-24 08:38:42');
INSERT IGNORE INTO `posts` (`id`, `user_id`, `community_id`, `post_content`, `visibility`, `created_at`, `updated_at`) VALUES (2, 1, 6, 'Nostrum nam blanditiis et ab et. Assumenda provident modi quia quo vitae laudantium ex. Dignissimos rerum itaque sit consequatur.', 'qui', '2003-12-21 22:21:56', '1975-01-04 15:10:38');
INSERT IGNORE INTO `posts` (`id`, `user_id`, `community_id`, `post_content`, `visibility`, `created_at`, `updated_at`) VALUES (3, 8, 5, 'Officia ut ut tempore ut provident officiis. At et doloribus nihil dicta velit.\nQui ut soluta minus perferendis quidem. Blanditiis quia repellat ab est est amet. Ut exercitationem est voluptatem id.', 'modi', '1990-12-18 00:55:22', '2005-05-25 14:51:50');
INSERT IGNORE INTO `posts` (`id`, `user_id`, `community_id`, `post_content`, `visibility`, `created_at`, `updated_at`) VALUES (4, 1, 0, 'Iusto eos eligendi et. Quo natus voluptas enim natus ut libero hic voluptatibus. Sint sed cumque pariatur nulla harum nam voluptates. Qui ea aut impedit praesentium id.', 'veritatis', '2003-02-09 13:42:06', '2017-02-14 12:57:13');
INSERT IGNORE INTO `posts` (`id`, `user_id`, `community_id`, `post_content`, `visibility`, `created_at`, `updated_at`) VALUES (5, 4, 8, 'Aut quia qui dolorem eius repellat. Quo sit dignissimos earum est.\nOdio consequatur consectetur aspernatur necessitatibus sit necessitatibus amet. Quia quis qui quisquam ullam quam.', 'velit', '1989-12-14 13:00:35', '1984-02-29 10:55:44');
INSERT IGNORE INTO `posts` (`id`, `user_id`, `community_id`, `post_content`, `visibility`, `created_at`, `updated_at`) VALUES (6, 3, 9, 'Accusantium ea delectus esse accusamus. Nisi soluta autem autem et distinctio.', 'et', '1990-02-04 00:12:00', '2020-09-23 06:34:02');
INSERT IGNORE INTO `posts` (`id`, `user_id`, `community_id`, `post_content`, `visibility`, `created_at`, `updated_at`) VALUES (7, 0, 1, 'Quia est delectus aut quo ipsum et sint. Delectus nihil est labore quia rem. Repudiandae ut sunt alias facere temporibus.', 'beatae', '1989-06-09 08:44:03', '1980-08-23 11:34:29');
INSERT IGNORE INTO `posts` (`id`, `user_id`, `community_id`, `post_content`, `visibility`, `created_at`, `updated_at`) VALUES (8, 5, 1, 'Dolores hic deserunt magnam reiciendis quia. Et omnis ea voluptatibus ea eos sed laborum voluptas. Quisquam dolor aperiam iure quia. Excepturi accusamus voluptatem aut.', 'vel', '1986-03-19 12:51:31', '1993-02-11 08:04:38');
INSERT IGNORE INTO `posts` (`id`, `user_id`, `community_id`, `post_content`, `visibility`, `created_at`, `updated_at`) VALUES (9, 8, 5, 'Quia nisi architecto ratione est officiis debitis sunt. Quisquam quam quia maiores aut sit. Blanditiis animi corrupti eum.', 'hic', '2009-08-16 05:57:47', '1977-01-29 11:12:23');
INSERT IGNORE INTO `posts` (`id`, `user_id`, `community_id`, `post_content`, `visibility`, `created_at`, `updated_at`) VALUES (10, 0, 5, 'Unde commodi quo sint necessitatibus vel id eius. Ut expedita hic minima modi odit aut vel. Quis laudantium laborum minus doloremque quibusdam. Perferendis pariatur est eos eos.', 'excepturi', '2004-02-18 01:38:04', '1981-12-12 06:41:18');
INSERT IGNORE INTO `posts` (`id`, `user_id`, `community_id`, `post_content`, `visibility`, `created_at`, `updated_at`) VALUES (11, 5, 0, 'Recusandae eos velit necessitatibus error et qui. Aut hic suscipit vel quasi a voluptatem. Quaerat dolor eligendi neque non unde quia. Molestias deserunt laboriosam a eum a totam sed.', 'reiciendis', '1984-04-04 23:17:54', '1991-11-18 08:22:56');
INSERT IGNORE INTO `posts` (`id`, `user_id`, `community_id`, `post_content`, `visibility`, `created_at`, `updated_at`) VALUES (12, 5, 5, 'Illo magni nihil non dicta. Incidunt eveniet molestiae iusto explicabo eius laborum. Aut cupiditate repellat et vel. Distinctio et inventore suscipit.', 'optio', '1999-05-05 14:02:53', '1987-08-20 01:49:12');
INSERT IGNORE INTO `posts` (`id`, `user_id`, `community_id`, `post_content`, `visibility`, `created_at`, `updated_at`) VALUES (13, 6, 3, 'Dicta voluptatem adipisci minus corporis in. Animi illo ad qui veritatis aspernatur sequi temporibus. Eius et eum voluptas ad ut. Placeat nam eum voluptas est et quo.', 'reprehenderit', '1992-02-08 22:12:21', '1984-06-05 10:58:07');
INSERT IGNORE INTO `posts` (`id`, `user_id`, `community_id`, `post_content`, `visibility`, `created_at`, `updated_at`) VALUES (14, 0, 8, 'Dolore accusantium at ullam deleniti ratione ex ratione. Illum voluptate ipsa voluptas suscipit explicabo incidunt. Earum incidunt illum inventore quis incidunt repellendus dicta accusantium.', 'qui', '1981-08-17 15:20:20', '1988-07-31 06:34:40');
INSERT IGNORE INTO `posts` (`id`, `user_id`, `community_id`, `post_content`, `visibility`, `created_at`, `updated_at`) VALUES (15, 0, 5, 'Accusantium molestiae ipsam est et quia nemo qui qui. Dolore et nobis eos id similique omnis rem. Eos aut non eveniet optio assumenda. Occaecati praesentium possimus sunt qui enim est amet.', 'quia', '1995-03-14 12:03:33', '2019-02-22 17:49:48');
INSERT IGNORE INTO `posts` (`id`, `user_id`, `community_id`, `post_content`, `visibility`, `created_at`, `updated_at`) VALUES (16, 2, 8, 'Dolorem sint consectetur est. Reprehenderit odit voluptate dicta et consectetur. Recusandae rerum non dicta qui consequatur. Adipisci corporis pariatur voluptas.', 'eos', '1970-10-20 18:47:50', '1976-03-25 13:02:09');
INSERT IGNORE INTO `posts` (`id`, `user_id`, `community_id`, `post_content`, `visibility`, `created_at`, `updated_at`) VALUES (17, 5, 1, 'Dolores aut adipisci temporibus facilis rem. Amet dolor ipsum nemo qui at sed. Minima culpa illo qui perspiciatis dolorem id.', 'quos', '1982-04-12 10:28:36', '1993-01-25 02:12:58');
INSERT IGNORE INTO `posts` (`id`, `user_id`, `community_id`, `post_content`, `visibility`, `created_at`, `updated_at`) VALUES (18, 7, 0, 'Eum et officia sit necessitatibus optio molestiae ut. Nemo corrupti minus soluta. Minima doloribus similique impedit.', 'commodi', '2002-08-07 17:58:18', '1970-10-25 23:25:28');
INSERT IGNORE INTO `posts` (`id`, `user_id`, `community_id`, `post_content`, `visibility`, `created_at`, `updated_at`) VALUES (19, 7, 8, 'Doloremque dolorum ea magnam sit quaerat optio deleniti. Natus earum iusto itaque minus. Sint deleniti animi quis soluta nobis. Iusto ad enim sunt consectetur architecto saepe sequi.', 'ex', '1991-11-30 08:30:14', '1974-12-20 15:31:59');
INSERT IGNORE INTO `posts` (`id`, `user_id`, `community_id`, `post_content`, `visibility`, `created_at`, `updated_at`) VALUES (20, 5, 3, 'Neque omnis sit qui ipsa totam vel. Labore quis ratione ut qui repellendus aut. In est pariatur rem dolore.', 'vel', '1991-08-06 11:07:35', '2004-08-11 12:56:59');
INSERT IGNORE INTO `posts` (`id`, `user_id`, `community_id`, `post_content`, `visibility`, `created_at`, `updated_at`) VALUES (21, 3, 8, 'Consequatur laborum a dolor. Distinctio rem et quisquam omnis maiores. Et dolorem quisquam velit error.', 'maxime', '2002-06-01 09:45:31', '1988-10-03 16:41:10');
INSERT IGNORE INTO `posts` (`id`, `user_id`, `community_id`, `post_content`, `visibility`, `created_at`, `updated_at`) VALUES (22, 6, 0, 'Rerum commodi doloribus saepe qui. Eum ea adipisci quia illum impedit. Aliquam quidem fugiat quidem at sequi.', 'qui', '2003-01-03 19:53:24', '1988-04-08 08:45:22');
INSERT IGNORE INTO `posts` (`id`, `user_id`, `community_id`, `post_content`, `visibility`, `created_at`, `updated_at`) VALUES (23, 3, 1, 'Et nesciunt iure repellat omnis dolorum fugiat dolorem. Reprehenderit aliquam qui ut asperiores quidem culpa.', 'quos', '1981-09-27 10:08:56', '2013-07-16 14:05:40');
INSERT IGNORE INTO `posts` (`id`, `user_id`, `community_id`, `post_content`, `visibility`, `created_at`, `updated_at`) VALUES (24, 7, 4, 'Est in est ducimus voluptates voluptas. Et maxime et esse rerum aut et aperiam. Enim consequuntur voluptatem odit iure modi accusamus distinctio autem.', 'in', '1983-12-23 07:59:44', '1994-08-14 11:19:28');
INSERT IGNORE INTO `posts` (`id`, `user_id`, `community_id`, `post_content`, `visibility`, `created_at`, `updated_at`) VALUES (25, 4, 3, 'Est nam dolores suscipit maiores pariatur fugit occaecati. Ipsa et ullam esse nobis sed voluptatibus quod. Et voluptas molestiae libero eum.', 'harum', '1999-01-06 14:19:35', '1980-03-03 20:29:55');
INSERT IGNORE INTO `posts` (`id`, `user_id`, `community_id`, `post_content`, `visibility`, `created_at`, `updated_at`) VALUES (26, 2, 2, 'Vero pariatur minus nostrum vitae aut temporibus. Quasi et laudantium et beatae aut asperiores corporis.', 'ducimus', '1972-01-24 04:54:16', '1999-04-23 19:23:58');
INSERT IGNORE INTO `posts` (`id`, `user_id`, `community_id`, `post_content`, `visibility`, `created_at`, `updated_at`) VALUES (27, 8, 4, 'Commodi voluptatem quisquam est ratione dolorem sunt dicta. Repellendus rerum possimus esse minima possimus voluptatem omnis. Asperiores voluptatem in qui cumque numquam repellat.', 'incidunt', '1986-12-01 18:28:47', '1987-02-08 04:04:58');
INSERT IGNORE INTO `posts` (`id`, `user_id`, `community_id`, `post_content`, `visibility`, `created_at`, `updated_at`) VALUES (28, 3, 0, 'Harum repellendus minima distinctio ab. Voluptatem adipisci pariatur voluptatem voluptatem assumenda. Et distinctio quia aut consectetur quaerat doloribus.', 'quas', '2012-07-14 05:26:21', '1970-03-27 02:34:20');
INSERT IGNORE INTO `posts` (`id`, `user_id`, `community_id`, `post_content`, `visibility`, `created_at`, `updated_at`) VALUES (29, 5, 9, 'Quidem dolorem id voluptatem fugiat. Omnis harum culpa magnam veniam. Porro eaque animi eius consequatur aut amet pariatur.', 'mollitia', '2009-02-07 22:11:10', '2007-07-19 12:37:25');
INSERT IGNORE INTO `posts` (`id`, `user_id`, `community_id`, `post_content`, `visibility`, `created_at`, `updated_at`) VALUES (30, 1, 1, 'Est porro aliquid asperiores laborum harum. Est totam ratione id voluptatem minima aut. Eveniet id adipisci magnam doloremque.', 'exercitationem', '2002-04-07 11:50:00', '2004-05-21 11:41:19');
INSERT IGNORE INTO `posts` (`id`, `user_id`, `community_id`, `post_content`, `visibility`, `created_at`, `updated_at`) VALUES (31, 7, 0, 'Nisi omnis pariatur sit excepturi maxime expedita. Qui suscipit dolore iusto consequatur. Ut autem sunt quisquam magni maiores fuga natus.', 'consequuntur', '1982-05-13 02:27:41', '2018-03-07 18:44:10');
INSERT IGNORE INTO `posts` (`id`, `user_id`, `community_id`, `post_content`, `visibility`, `created_at`, `updated_at`) VALUES (32, 5, 6, 'Alias in est quam nobis et et eaque est. Consequatur et dolorem in nisi repellendus voluptatem.', 'ut', '2004-09-02 11:24:33', '1985-04-17 04:03:26');
INSERT IGNORE INTO `posts` (`id`, `user_id`, `community_id`, `post_content`, `visibility`, `created_at`, `updated_at`) VALUES (33, 5, 1, 'Modi voluptatem itaque necessitatibus pariatur est blanditiis. Dicta fugiat non maiores temporibus et. Et est molestiae corporis est delectus voluptatem qui. Totam quo neque minima ea veritatis fuga.', 'rerum', '2012-12-06 11:58:13', '1992-03-28 18:15:11');
INSERT IGNORE INTO `posts` (`id`, `user_id`, `community_id`, `post_content`, `visibility`, `created_at`, `updated_at`) VALUES (34, 9, 4, 'Sint quo corporis a est ut incidunt tempore. Dolorum dolores qui officia molestiae nisi delectus. Delectus enim sit perferendis est sunt.', 'ut', '2004-01-31 19:14:44', '1981-05-07 12:35:01');
INSERT IGNORE INTO `posts` (`id`, `user_id`, `community_id`, `post_content`, `visibility`, `created_at`, `updated_at`) VALUES (35, 6, 7, 'Corrupti impedit nulla omnis est qui. Cupiditate error quas suscipit vel ex aut. Maiores at quasi consequatur esse expedita illum officia.', 'asperiores', '2011-08-08 20:45:16', '1977-09-23 13:12:18');
INSERT IGNORE INTO `posts` (`id`, `user_id`, `community_id`, `post_content`, `visibility`, `created_at`, `updated_at`) VALUES (36, 2, 1, 'Est veniam est soluta porro quo est rerum. Sint provident quas eaque enim dolor dolorum. Consequatur architecto odit quis molestias.', 'et', '2017-06-14 18:06:25', '2006-10-22 21:24:22');
INSERT IGNORE INTO `posts` (`id`, `user_id`, `community_id`, `post_content`, `visibility`, `created_at`, `updated_at`) VALUES (37, 0, 9, 'Et eum amet ex vel. Rerum ea vel porro. Natus ipsam exercitationem adipisci quae totam.', 'eveniet', '1992-05-15 20:23:09', '1991-01-10 18:28:43');
INSERT IGNORE INTO `posts` (`id`, `user_id`, `community_id`, `post_content`, `visibility`, `created_at`, `updated_at`) VALUES (38, 4, 4, 'Hic adipisci natus fugiat ut. Accusantium dolores quae expedita laborum ipsum autem aut.', 'omnis', '1992-12-17 18:03:51', '2006-01-05 17:34:11');
INSERT IGNORE INTO `posts` (`id`, `user_id`, `community_id`, `post_content`, `visibility`, `created_at`, `updated_at`) VALUES (39, 0, 4, 'Excepturi debitis est sit. Corrupti repellendus repellat esse eveniet dignissimos. Animi id assumenda est sunt. Velit et assumenda dolor esse.', 'deserunt', '2013-11-06 23:30:34', '1987-02-26 19:48:16');
INSERT IGNORE INTO `posts` (`id`, `user_id`, `community_id`, `post_content`, `visibility`, `created_at`, `updated_at`) VALUES (40, 6, 3, 'Iste distinctio nam ipsa eum consequuntur magnam. Sit nostrum iure accusamus provident vitae debitis qui. Ipsa odit non qui optio delectus ut. Autem reprehenderit consequatur quae quidem dolor.', 'accusantium', '2009-09-04 10:30:30', '2001-11-29 05:26:27');
INSERT IGNORE INTO `posts` (`id`, `user_id`, `community_id`, `post_content`, `visibility`, `created_at`, `updated_at`) VALUES (41, 2, 3, 'Recusandae quo et ex corrupti. Sed odio nulla maiores. Sunt exercitationem explicabo nisi beatae itaque iste.', 'recusandae', '1984-05-05 16:52:48', '2020-02-24 17:40:02');
INSERT IGNORE INTO `posts` (`id`, `user_id`, `community_id`, `post_content`, `visibility`, `created_at`, `updated_at`) VALUES (42, 2, 5, 'Velit aut qui accusantium quis. Molestiae dignissimos quo enim explicabo nobis commodi occaecati. Unde nemo sunt molestiae magnam maxime.', 'quos', '2000-12-07 02:57:33', '1989-11-10 21:16:40');
INSERT IGNORE INTO `posts` (`id`, `user_id`, `community_id`, `post_content`, `visibility`, `created_at`, `updated_at`) VALUES (43, 4, 5, 'In nam et excepturi. Architecto ea minus amet ea autem. Totam sunt vitae voluptatibus nam nihil sapiente.', 'recusandae', '2012-03-05 16:25:19', '1970-02-28 08:47:07');
INSERT IGNORE INTO `posts` (`id`, `user_id`, `community_id`, `post_content`, `visibility`, `created_at`, `updated_at`) VALUES (44, 4, 3, 'Necessitatibus placeat perspiciatis harum consequatur minus vitae voluptas. Repellat sunt beatae quo est perspiciatis repellendus autem. Perspiciatis dolore officia velit et quo adipisci.', 'est', '1971-05-04 08:27:43', '2013-02-22 05:41:58');
INSERT IGNORE INTO `posts` (`id`, `user_id`, `community_id`, `post_content`, `visibility`, `created_at`, `updated_at`) VALUES (45, 1, 0, 'Autem voluptas porro dolore nesciunt. Suscipit qui itaque quia est tempore nihil. Laudantium dolor voluptatem iure quo culpa nihil dolore.', 'tempora', '1994-05-11 04:36:35', '2018-03-19 06:08:42');
INSERT IGNORE INTO `posts` (`id`, `user_id`, `community_id`, `post_content`, `visibility`, `created_at`, `updated_at`) VALUES (46, 2, 1, 'Similique nisi aspernatur est error officiis consequuntur doloremque sapiente. Minima impedit porro omnis placeat qui repellat et.', 'ut', '2016-12-06 21:10:14', '2006-03-01 18:48:40');
INSERT IGNORE INTO `posts` (`id`, `user_id`, `community_id`, `post_content`, `visibility`, `created_at`, `updated_at`) VALUES (47, 4, 3, 'Sapiente sequi inventore ex qui et consequatur est. Dolor voluptatem blanditiis omnis dolores deleniti. Qui fuga illo exercitationem sit. Qui officia in omnis tempore impedit.', 'perspiciatis', '1983-05-01 07:54:56', '1972-01-14 11:59:36');
INSERT IGNORE INTO `posts` (`id`, `user_id`, `community_id`, `post_content`, `visibility`, `created_at`, `updated_at`) VALUES (48, 8, 5, 'Cumque nam occaecati qui dolorem enim. Tenetur sint enim sapiente cumque. Quos et atque autem consequatur qui vel aperiam. Eos odio aut libero.', 'blanditiis', '1988-05-17 08:55:05', '2013-07-20 05:54:58');
INSERT IGNORE INTO `posts` (`id`, `user_id`, `community_id`, `post_content`, `visibility`, `created_at`, `updated_at`) VALUES (49, 2, 9, 'Aut et non odit debitis ut aut repellat. Saepe maxime similique iusto veritatis nostrum quia. Dolorem dolorem cumque labore dolorem dolor consequatur.', 'voluptatem', '1979-03-18 13:56:08', '2001-09-26 13:09:32');
INSERT IGNORE INTO `posts` (`id`, `user_id`, `community_id`, `post_content`, `visibility`, `created_at`, `updated_at`) VALUES (50, 5, 2, 'Omnis porro molestiae repellendus est et adipisci dolores aut. Placeat velit vitae similique voluptas. Et cupiditate quibusdam ducimus impedit tempora repudiandae. Iusto et aut quibusdam omnis.', 'cupiditate', '1986-12-05 00:23:40', '1990-10-19 00:20:56');
INSERT IGNORE INTO `posts` (`id`, `user_id`, `community_id`, `post_content`, `visibility`, `created_at`, `updated_at`) VALUES (51, 8, 9, 'Quod deleniti magnam aliquid autem voluptatem commodi excepturi. Deleniti molestiae rerum id qui repellendus voluptas eos optio.', 'sit', '2008-11-04 07:49:27', '1988-02-20 03:31:38');
INSERT IGNORE INTO `posts` (`id`, `user_id`, `community_id`, `post_content`, `visibility`, `created_at`, `updated_at`) VALUES (52, 7, 2, 'Sit totam in ipsum. Sed tenetur tempora sit totam. Id minus similique eaque aut facilis qui.', 'laboriosam', '2014-04-04 14:45:10', '1998-12-02 16:15:39');
INSERT IGNORE INTO `posts` (`id`, `user_id`, `community_id`, `post_content`, `visibility`, `created_at`, `updated_at`) VALUES (53, 6, 6, 'Vel est sint non quaerat tenetur. Iste nulla id ut soluta laudantium asperiores. Repudiandae recusandae perferendis reiciendis necessitatibus et modi ab est.', 'ex', '1976-05-16 10:18:48', '2010-01-28 03:54:42');
INSERT IGNORE INTO `posts` (`id`, `user_id`, `community_id`, `post_content`, `visibility`, `created_at`, `updated_at`) VALUES (54, 1, 8, 'Quis voluptas quos eius voluptatum aut est qui. Iste non sed labore rerum. Veritatis eos doloremque occaecati et.', 'quia', '2015-02-08 00:04:47', '1997-07-30 23:51:57');
INSERT IGNORE INTO `posts` (`id`, `user_id`, `community_id`, `post_content`, `visibility`, `created_at`, `updated_at`) VALUES (55, 9, 2, 'Et labore harum voluptatibus aut velit. In ad et fugit dolor sit dicta. Eum similique consequatur ut ducimus cumque harum quo.', 'molestiae', '1990-01-09 22:51:11', '1974-03-28 05:51:44');
INSERT IGNORE INTO `posts` (`id`, `user_id`, `community_id`, `post_content`, `visibility`, `created_at`, `updated_at`) VALUES (56, 9, 2, 'Nesciunt magnam sed aut et. Rem consequuntur minima minima neque minima. Laborum quo ducimus sit exercitationem et non.\nItaque pariatur aspernatur rerum odit repudiandae. Numquam eveniet qui aut ad.', 'et', '2005-01-15 18:06:43', '2013-12-25 15:31:33');
INSERT IGNORE INTO `posts` (`id`, `user_id`, `community_id`, `post_content`, `visibility`, `created_at`, `updated_at`) VALUES (57, 5, 0, 'Suscipit ipsa eos blanditiis vitae qui sunt suscipit dolores. Vel id magnam quia aliquid enim omnis. Voluptates quisquam quo amet accusantium quidem.', 'excepturi', '1981-09-29 23:03:11', '1981-06-18 14:29:31');
INSERT IGNORE INTO `posts` (`id`, `user_id`, `community_id`, `post_content`, `visibility`, `created_at`, `updated_at`) VALUES (58, 2, 1, 'Dolorem ut provident et doloribus assumenda. Dolor est eligendi recusandae non accusantium ut tempore magni. Placeat hic consequatur ut et laboriosam.', 'aut', '1990-08-24 12:59:28', '2011-12-25 18:35:37');
INSERT IGNORE INTO `posts` (`id`, `user_id`, `community_id`, `post_content`, `visibility`, `created_at`, `updated_at`) VALUES (59, 6, 0, 'Autem quaerat sed quibusdam in odio enim. Maiores quis mollitia autem impedit ea ut aut. Tenetur autem est ipsa.', 'odit', '1988-01-06 01:27:12', '1983-01-07 19:10:35');
INSERT IGNORE INTO `posts` (`id`, `user_id`, `community_id`, `post_content`, `visibility`, `created_at`, `updated_at`) VALUES (60, 7, 9, 'Voluptas amet deleniti illum omnis nobis. Aut qui quidem beatae. Quo cum fugiat voluptatum mollitia qui eum cupiditate. Sunt atque et earum neque veritatis.', 'non', '1997-03-01 02:05:51', '1979-09-25 04:08:42');
INSERT IGNORE INTO `posts` (`id`, `user_id`, `community_id`, `post_content`, `visibility`, `created_at`, `updated_at`) VALUES (61, 5, 3, 'Eum qui ut aperiam consequatur. Molestiae velit praesentium maiores voluptas. Expedita et quidem ab optio et. Autem dolore in repudiandae autem.', 'reiciendis', '1994-05-16 04:18:42', '1984-01-05 14:29:42');
INSERT IGNORE INTO `posts` (`id`, `user_id`, `community_id`, `post_content`, `visibility`, `created_at`, `updated_at`) VALUES (62, 6, 5, 'Voluptatibus sint explicabo ipsum nobis a rerum. Corporis dolores nam voluptatem. Ex est similique et non et.', 'et', '1975-04-04 20:20:14', '2018-07-13 03:34:46');
INSERT IGNORE INTO `posts` (`id`, `user_id`, `community_id`, `post_content`, `visibility`, `created_at`, `updated_at`) VALUES (63, 2, 9, 'Dolor totam atque consequatur consectetur. Quia maiores tenetur aut nemo vel recusandae. Quod qui eum fuga doloremque quasi excepturi.', 'debitis', '1991-07-02 09:23:55', '1987-03-22 08:01:46');
INSERT IGNORE INTO `posts` (`id`, `user_id`, `community_id`, `post_content`, `visibility`, `created_at`, `updated_at`) VALUES (64, 9, 2, 'Fugit facilis nobis voluptate. Iusto amet placeat ut aut ratione officia atque qui. Eum et perferendis ea sint sint cum. Voluptas voluptatem perspiciatis ab maxime.', 'aut', '2015-04-17 03:51:32', '1990-12-20 22:22:13');
INSERT IGNORE INTO `posts` (`id`, `user_id`, `community_id`, `post_content`, `visibility`, `created_at`, `updated_at`) VALUES (65, 2, 8, 'Eos iure itaque sed animi. Qui repellat nihil totam quos necessitatibus.', 'molestiae', '2012-07-01 12:51:17', '2007-07-09 16:01:37');
INSERT IGNORE INTO `posts` (`id`, `user_id`, `community_id`, `post_content`, `visibility`, `created_at`, `updated_at`) VALUES (66, 8, 9, 'Ab repellendus porro minus quis doloremque error. A modi expedita magni. Quam nobis ipsa sed natus.', 'quia', '1980-05-14 02:09:17', '2019-07-12 08:49:20');
INSERT IGNORE INTO `posts` (`id`, `user_id`, `community_id`, `post_content`, `visibility`, `created_at`, `updated_at`) VALUES (67, 1, 7, 'Quisquam id voluptatem eligendi quis nesciunt ipsum. Recusandae fuga ullam illum quo sit.', 'laudantium', '2018-04-05 16:25:08', '1981-11-15 08:59:30');
INSERT IGNORE INTO `posts` (`id`, `user_id`, `community_id`, `post_content`, `visibility`, `created_at`, `updated_at`) VALUES (68, 9, 3, 'Sit architecto voluptas odio sit quia. Ut adipisci velit quae. Perspiciatis corporis libero maxime voluptatem illo.', 'illum', '2016-02-15 01:42:56', '2000-11-28 09:23:02');
INSERT IGNORE INTO `posts` (`id`, `user_id`, `community_id`, `post_content`, `visibility`, `created_at`, `updated_at`) VALUES (69, 5, 7, 'Pariatur voluptatibus est asperiores et voluptatum. Voluptates in autem ducimus eos. Ipsum sint ipsam blanditiis velit qui sit placeat. Inventore sed cum id pariatur aspernatur dolore.', 'consequatur', '1997-07-29 18:41:32', '2014-11-18 08:51:49');
INSERT IGNORE INTO `posts` (`id`, `user_id`, `community_id`, `post_content`, `visibility`, `created_at`, `updated_at`) VALUES (70, 1, 6, 'Labore atque sequi vero unde aut rerum et. Cupiditate excepturi ad incidunt. Quia fuga et expedita quia. Qui aliquam sed excepturi et eaque dignissimos ipsa.', 'optio', '1970-08-10 21:16:54', '1993-11-15 15:09:31');
INSERT IGNORE INTO `posts` (`id`, `user_id`, `community_id`, `post_content`, `visibility`, `created_at`, `updated_at`) VALUES (71, 4, 4, 'Aliquid nihil ab mollitia qui vero. Rerum est saepe eius labore molestias eveniet. Excepturi itaque consequuntur illo. Dolor aut ex non dolore vitae.', 'quam', '1976-10-05 11:04:27', '1980-12-30 02:28:38');
INSERT IGNORE INTO `posts` (`id`, `user_id`, `community_id`, `post_content`, `visibility`, `created_at`, `updated_at`) VALUES (72, 4, 6, 'Quia repellat saepe aut dolores numquam rerum autem. Voluptas mollitia qui dignissimos quo quia aut. Aut quia itaque natus animi voluptatum.', 'unde', '2011-05-13 14:56:01', '1995-11-06 02:13:35');
INSERT IGNORE INTO `posts` (`id`, `user_id`, `community_id`, `post_content`, `visibility`, `created_at`, `updated_at`) VALUES (73, 2, 3, 'Iusto rem non eum et. Minima dolor a sed quia consequatur reprehenderit ad.', 'eaque', '1986-08-21 16:07:33', '1972-05-02 16:12:16');
INSERT IGNORE INTO `posts` (`id`, `user_id`, `community_id`, `post_content`, `visibility`, `created_at`, `updated_at`) VALUES (74, 9, 7, 'Modi nisi cum dolor eligendi qui. Nihil suscipit aut ut repellendus.', 'eos', '1973-02-03 01:28:37', '1998-10-09 05:19:13');
INSERT IGNORE INTO `posts` (`id`, `user_id`, `community_id`, `post_content`, `visibility`, `created_at`, `updated_at`) VALUES (75, 2, 5, 'Voluptas tempora et odio explicabo accusamus voluptas porro nihil. Quia ab et pariatur consequatur laudantium quia veniam. In et labore fugiat in.', 'accusantium', '2008-02-23 15:59:49', '1976-12-01 08:10:36');
INSERT IGNORE INTO `posts` (`id`, `user_id`, `community_id`, `post_content`, `visibility`, `created_at`, `updated_at`) VALUES (76, 0, 4, 'Quo sit saepe eligendi adipisci. Dolor atque libero quaerat velit nisi. Neque rem nihil sequi cum laboriosam temporibus rerum. Earum cumque odio ea nisi sed.', 'dolores', '2010-06-18 03:36:57', '1977-12-06 15:43:46');
INSERT IGNORE INTO `posts` (`id`, `user_id`, `community_id`, `post_content`, `visibility`, `created_at`, `updated_at`) VALUES (77, 2, 2, 'Et sunt eum atque velit soluta consequatur non. Cum quo ipsum et omnis rerum sunt. Sint expedita eaque nihil quod inventore blanditiis.', 'facere', '1993-10-27 13:39:46', '1997-01-16 21:27:51');
INSERT IGNORE INTO `posts` (`id`, `user_id`, `community_id`, `post_content`, `visibility`, `created_at`, `updated_at`) VALUES (78, 8, 7, 'Voluptate ut doloremque delectus ullam vel praesentium at. Qui minima nulla aut in aut. Ex perferendis provident rerum blanditiis in dolor qui sunt.', 'hic', '2008-09-06 09:06:29', '1979-01-16 16:25:04');
INSERT IGNORE INTO `posts` (`id`, `user_id`, `community_id`, `post_content`, `visibility`, `created_at`, `updated_at`) VALUES (79, 6, 6, 'Cumque voluptatibus suscipit in occaecati rerum voluptatem. Quae deserunt ullam id ut. Praesentium aliquam nam eveniet sequi.', 'cupiditate', '1987-03-09 08:09:19', '2006-03-31 14:43:01');
INSERT IGNORE INTO `posts` (`id`, `user_id`, `community_id`, `post_content`, `visibility`, `created_at`, `updated_at`) VALUES (80, 5, 5, 'Consectetur numquam est id quia cum porro. Soluta blanditiis et fugit labore. Sit voluptatem doloremque consectetur rerum accusantium illum cum earum.', 'et', '1994-12-09 06:15:18', '2010-10-05 05:37:49');
INSERT IGNORE INTO `posts` (`id`, `user_id`, `community_id`, `post_content`, `visibility`, `created_at`, `updated_at`) VALUES (81, 0, 1, 'Nesciunt accusantium amet natus eos est veniam. Commodi asperiores ipsum sit quo in. Repellat et aut dignissimos voluptas ipsa deleniti.', 'architecto', '1988-01-21 07:18:35', '2015-02-28 08:19:29');
INSERT IGNORE INTO `posts` (`id`, `user_id`, `community_id`, `post_content`, `visibility`, `created_at`, `updated_at`) VALUES (82, 2, 8, 'Et atque ipsam voluptas omnis. Minima qui maiores atque et. Corporis cumque debitis in officia est. Pariatur alias deleniti illum voluptatibus qui.', 'hic', '1994-09-02 13:26:43', '2008-10-23 05:53:22');
INSERT IGNORE INTO `posts` (`id`, `user_id`, `community_id`, `post_content`, `visibility`, `created_at`, `updated_at`) VALUES (83, 0, 2, 'Minima non ut repellat ut corporis itaque ab. Qui temporibus et voluptatum non. Dolorem delectus nulla ipsa eligendi dolorem dolorem ipsum. Temporibus eos sed est.', 'itaque', '1977-09-05 03:46:26', '1972-11-08 08:49:45');
INSERT IGNORE INTO `posts` (`id`, `user_id`, `community_id`, `post_content`, `visibility`, `created_at`, `updated_at`) VALUES (84, 4, 0, 'Illum officiis qui reprehenderit porro. Nobis quia et consequatur ad voluptatem accusantium dolorem. Maxime distinctio facere qui aut perferendis suscipit.', 'neque', '1972-08-08 04:07:36', '2009-07-17 22:37:11');
INSERT IGNORE INTO `posts` (`id`, `user_id`, `community_id`, `post_content`, `visibility`, `created_at`, `updated_at`) VALUES (85, 2, 5, 'Et quam aut aspernatur qui optio non nam explicabo. In quos quasi accusantium necessitatibus. Vel unde aliquam illum hic consectetur. Animi dolorem reprehenderit itaque veritatis sunt.', 'exercitationem', '1977-05-08 21:40:35', '1975-06-04 23:33:16');
INSERT IGNORE INTO `posts` (`id`, `user_id`, `community_id`, `post_content`, `visibility`, `created_at`, `updated_at`) VALUES (86, 1, 8, 'Placeat ut laborum eos sint ipsam quia veritatis voluptatem. Nostrum veniam natus in corporis est adipisci sunt debitis. Quam laboriosam amet reprehenderit rem.', 'neque', '1976-10-19 00:30:26', '2019-09-08 07:06:23');
INSERT IGNORE INTO `posts` (`id`, `user_id`, `community_id`, `post_content`, `visibility`, `created_at`, `updated_at`) VALUES (87, 6, 5, 'Voluptas fugiat vel eum quo eaque veniam. Sed placeat expedita laudantium quia. Dolorem ad quaerat necessitatibus voluptas est voluptatem.', 'animi', '1977-01-28 20:16:06', '1998-03-15 00:10:01');
INSERT IGNORE INTO `posts` (`id`, `user_id`, `community_id`, `post_content`, `visibility`, `created_at`, `updated_at`) VALUES (88, 1, 3, 'Sit nostrum iusto ducimus laboriosam. Dicta doloribus possimus quidem nisi. Consequatur in fugit cum hic.', 'et', '2017-05-06 10:50:46', '1973-01-07 00:39:32');
INSERT IGNORE INTO `posts` (`id`, `user_id`, `community_id`, `post_content`, `visibility`, `created_at`, `updated_at`) VALUES (89, 9, 2, 'Et placeat dolor magni nisi saepe et nulla aut. Repudiandae accusamus molestias nisi et iure sed deleniti. Reprehenderit veritatis ea voluptatem aut rerum sed.', 'ex', '2003-12-19 07:41:50', '1972-10-16 01:20:35');
INSERT IGNORE INTO `posts` (`id`, `user_id`, `community_id`, `post_content`, `visibility`, `created_at`, `updated_at`) VALUES (90, 7, 9, 'Nostrum accusantium sed sint qui iure odit. Omnis enim praesentium hic in praesentium maiores. Blanditiis est non corrupti sunt. Veritatis ut consequuntur animi consequatur accusamus.', 'aut', '2021-01-01 00:28:49', '1984-10-18 11:35:57');
INSERT IGNORE INTO `posts` (`id`, `user_id`, `community_id`, `post_content`, `visibility`, `created_at`, `updated_at`) VALUES (91, 6, 0, 'Molestiae et et alias natus ut. Recusandae voluptatem quibusdam aut. Nulla qui voluptate asperiores ullam et et. Incidunt labore consequatur alias laborum.', 'molestiae', '1990-06-12 18:24:51', '1988-02-09 01:08:54');
INSERT IGNORE INTO `posts` (`id`, `user_id`, `community_id`, `post_content`, `visibility`, `created_at`, `updated_at`) VALUES (92, 5, 8, 'Ut animi eius ab minus. Cum numquam voluptatem voluptatem reiciendis assumenda. Consequuntur voluptatibus perspiciatis rerum ut perspiciatis consequatur.', 'veniam', '1982-04-04 04:48:52', '2004-06-10 06:44:33');
INSERT IGNORE INTO `posts` (`id`, `user_id`, `community_id`, `post_content`, `visibility`, `created_at`, `updated_at`) VALUES (93, 6, 4, 'Minima voluptatem et laudantium adipisci modi. Enim est harum qui aliquam. Eligendi consequuntur suscipit recusandae deserunt blanditiis aut.', 'quis', '1983-06-05 00:59:36', '2014-03-18 13:28:46');
INSERT IGNORE INTO `posts` (`id`, `user_id`, `community_id`, `post_content`, `visibility`, `created_at`, `updated_at`) VALUES (94, 8, 0, 'Sunt iure et et delectus ea. Blanditiis distinctio omnis voluptas.', 'eum', '1975-07-25 07:15:30', '1973-09-14 05:40:41');
INSERT IGNORE INTO `posts` (`id`, `user_id`, `community_id`, `post_content`, `visibility`, `created_at`, `updated_at`) VALUES (95, 5, 3, 'Aut alias hic sit sunt magni saepe. Eligendi quod accusantium deserunt sunt natus aperiam id et. Optio rerum ullam nulla sapiente dolore fugit.', 'eaque', '2020-04-01 05:03:54', '1972-07-24 08:29:59');
INSERT IGNORE INTO `posts` (`id`, `user_id`, `community_id`, `post_content`, `visibility`, `created_at`, `updated_at`) VALUES (96, 7, 0, 'Expedita non voluptatem sed id nobis. Qui modi sed nesciunt cupiditate consequuntur. Sapiente quas est sunt eum cumque aliquam beatae.', 'rem', '1981-09-15 20:00:06', '2004-05-31 22:26:21');
INSERT IGNORE INTO `posts` (`id`, `user_id`, `community_id`, `post_content`, `visibility`, `created_at`, `updated_at`) VALUES (97, 2, 3, 'Veniam et quia aut aliquid voluptas eveniet. Necessitatibus velit dolore laudantium omnis ut officiis. Ratione fugit dolores quia explicabo et. Facilis mollitia natus in nobis.', 'amet', '1982-05-29 20:44:24', '2005-05-11 06:55:27');
INSERT IGNORE INTO `posts` (`id`, `user_id`, `community_id`, `post_content`, `visibility`, `created_at`, `updated_at`) VALUES (98, 3, 6, 'Eum odio velit omnis quaerat eum enim. Quos molestias molestiae ipsum earum esse magnam labore. Tempore qui dolorem quo atque totam rem. Exercitationem reiciendis dolores quo cupiditate alias qui.', 'voluptatem', '2015-05-08 03:28:41', '2016-06-22 21:49:56');
INSERT IGNORE INTO `posts` (`id`, `user_id`, `community_id`, `post_content`, `visibility`, `created_at`, `updated_at`) VALUES (99, 9, 4, 'Aut aut deleniti alias libero eos vitae. Cumque consequatur eos sed neque et. Dolores nihil nostrum repellat earum sed et. Autem aut exercitationem doloremque qui repellat.', 'consequatur', '1985-09-16 08:02:49', '2015-05-28 00:20:11');
INSERT IGNORE INTO `posts` (`id`, `user_id`, `community_id`, `post_content`, `visibility`, `created_at`, `updated_at`) VALUES (100, 4, 1, 'Adipisci quasi autem sed ab nulla. Eveniet eos quidem eum eum omnis sint. Qui quisquam occaecati voluptatibus eum eligendi nihil.', 'velit', '1989-11-20 02:54:06', '1972-05-22 19:53:04');


-- Заносим данные "visibility"
INSERT IGNORE INTO `visibility` (`value`) VALUES ('accusamus');
INSERT IGNORE INTO `visibility` (`value`) VALUES ('accusantium');
INSERT IGNORE INTO `visibility` (`value`) VALUES ('asperiores');
INSERT IGNORE INTO `visibility` (`value`) VALUES ('aspernatur');
INSERT IGNORE INTO `visibility` (`value`) VALUES ('assumenda');
INSERT IGNORE INTO `visibility` (`value`) VALUES ('at');
INSERT IGNORE INTO `visibility` (`value`) VALUES ('atque');
INSERT IGNORE INTO `visibility` (`value`) VALUES ('aut');
INSERT IGNORE INTO `visibility` (`value`) VALUES ('autem');
INSERT IGNORE INTO `visibility` (`value`) VALUES ('consectetur');
INSERT IGNORE INTO `visibility` (`value`) VALUES ('consequatur');
INSERT IGNORE INTO `visibility` (`value`) VALUES ('consequuntur');
INSERT IGNORE INTO `visibility` (`value`) VALUES ('cupiditate');
INSERT IGNORE INTO `visibility` (`value`) VALUES ('deleniti');
INSERT IGNORE INTO `visibility` (`value`) VALUES ('deserunt');
INSERT IGNORE INTO `visibility` (`value`) VALUES ('dolore');
INSERT IGNORE INTO `visibility` (`value`) VALUES ('doloremque');
INSERT IGNORE INTO `visibility` (`value`) VALUES ('dolores');
INSERT IGNORE INTO `visibility` (`value`) VALUES ('doloribus');
INSERT IGNORE INTO `visibility` (`value`) VALUES ('dolorum');
INSERT IGNORE INTO `visibility` (`value`) VALUES ('ducimus');
INSERT IGNORE INTO `visibility` (`value`) VALUES ('ea');
INSERT IGNORE INTO `visibility` (`value`) VALUES ('earum');
INSERT IGNORE INTO `visibility` (`value`) VALUES ('eius');
INSERT IGNORE INTO `visibility` (`value`) VALUES ('enim');
INSERT IGNORE INTO `visibility` (`value`) VALUES ('est');
INSERT IGNORE INTO `visibility` (`value`) VALUES ('et');
INSERT IGNORE INTO `visibility` (`value`) VALUES ('eveniet');
INSERT IGNORE INTO `visibility` (`value`) VALUES ('ex');
INSERT IGNORE INTO `visibility` (`value`) VALUES ('exercitationem');
INSERT IGNORE INTO `visibility` (`value`) VALUES ('explicabo');
INSERT IGNORE INTO `visibility` (`value`) VALUES ('fuga');
INSERT IGNORE INTO `visibility` (`value`) VALUES ('id');
INSERT IGNORE INTO `visibility` (`value`) VALUES ('impedit');
INSERT IGNORE INTO `visibility` (`value`) VALUES ('in');
INSERT IGNORE INTO `visibility` (`value`) VALUES ('incidunt');
INSERT IGNORE INTO `visibility` (`value`) VALUES ('inventore');
INSERT IGNORE INTO `visibility` (`value`) VALUES ('ipsa');
INSERT IGNORE INTO `visibility` (`value`) VALUES ('ipsam');
INSERT IGNORE INTO `visibility` (`value`) VALUES ('ipsum');
INSERT IGNORE INTO `visibility` (`value`) VALUES ('iste');
INSERT IGNORE INTO `visibility` (`value`) VALUES ('itaque');
INSERT IGNORE INTO `visibility` (`value`) VALUES ('labore');
INSERT IGNORE INTO `visibility` (`value`) VALUES ('laboriosam');
INSERT IGNORE INTO `visibility` (`value`) VALUES ('laudantium');
INSERT IGNORE INTO `visibility` (`value`) VALUES ('magnam');
INSERT IGNORE INTO `visibility` (`value`) VALUES ('magni');
INSERT IGNORE INTO `visibility` (`value`) VALUES ('minima');
INSERT IGNORE INTO `visibility` (`value`) VALUES ('nam');
INSERT IGNORE INTO `visibility` (`value`) VALUES ('natus');
INSERT IGNORE INTO `visibility` (`value`) VALUES ('nemo');
INSERT IGNORE INTO `visibility` (`value`) VALUES ('nesciunt');
INSERT IGNORE INTO `visibility` (`value`) VALUES ('nihil');
INSERT IGNORE INTO `visibility` (`value`) VALUES ('non');
INSERT IGNORE INTO `visibility` (`value`) VALUES ('nostrum');
INSERT IGNORE INTO `visibility` (`value`) VALUES ('numquam');
INSERT IGNORE INTO `visibility` (`value`) VALUES ('occaecati');
INSERT IGNORE INTO `visibility` (`value`) VALUES ('officia');
INSERT IGNORE INTO `visibility` (`value`) VALUES ('omnis');
INSERT IGNORE INTO `visibility` (`value`) VALUES ('optio');
INSERT IGNORE INTO `visibility` (`value`) VALUES ('perspiciatis');
INSERT IGNORE INTO `visibility` (`value`) VALUES ('porro');
INSERT IGNORE INTO `visibility` (`value`) VALUES ('possimus');
INSERT IGNORE INTO `visibility` (`value`) VALUES ('provident');
INSERT IGNORE INTO `visibility` (`value`) VALUES ('quae');
INSERT IGNORE INTO `visibility` (`value`) VALUES ('quaerat');
INSERT IGNORE INTO `visibility` (`value`) VALUES ('quam');
INSERT IGNORE INTO `visibility` (`value`) VALUES ('quas');
INSERT IGNORE INTO `visibility` (`value`) VALUES ('qui');
INSERT IGNORE INTO `visibility` (`value`) VALUES ('quia');
INSERT IGNORE INTO `visibility` (`value`) VALUES ('quis');
INSERT IGNORE INTO `visibility` (`value`) VALUES ('quo');
INSERT IGNORE INTO `visibility` (`value`) VALUES ('quod');
INSERT IGNORE INTO `visibility` (`value`) VALUES ('quos');
INSERT IGNORE INTO `visibility` (`value`) VALUES ('ratione');
INSERT IGNORE INTO `visibility` (`value`) VALUES ('reiciendis');
INSERT IGNORE INTO `visibility` (`value`) VALUES ('repellat');
INSERT IGNORE INTO `visibility` (`value`) VALUES ('reprehenderit');
INSERT IGNORE INTO `visibility` (`value`) VALUES ('repudiandae');
INSERT IGNORE INTO `visibility` (`value`) VALUES ('rerum');
INSERT IGNORE INTO `visibility` (`value`) VALUES ('sapiente');
INSERT IGNORE INTO `visibility` (`value`) VALUES ('sed');
INSERT IGNORE INTO `visibility` (`value`) VALUES ('sequi');
INSERT IGNORE INTO `visibility` (`value`) VALUES ('soluta');
INSERT IGNORE INTO `visibility` (`value`) VALUES ('sunt');
INSERT IGNORE INTO `visibility` (`value`) VALUES ('tempore');
INSERT IGNORE INTO `visibility` (`value`) VALUES ('temporibus');
INSERT IGNORE INTO `visibility` (`value`) VALUES ('totam');
INSERT IGNORE INTO `visibility` (`value`) VALUES ('ullam');
INSERT IGNORE INTO `visibility` (`value`) VALUES ('unde');
INSERT IGNORE INTO `visibility` (`value`) VALUES ('ut');
INSERT IGNORE INTO `visibility` (`value`) VALUES ('vel');
INSERT IGNORE INTO `visibility` (`value`) VALUES ('velit');
INSERT IGNORE INTO `visibility` (`value`) VALUES ('veritatis');
INSERT IGNORE INTO `visibility` (`value`) VALUES ('vero');
INSERT IGNORE INTO `visibility` (`value`) VALUES ('voluptate');
INSERT IGNORE INTO `visibility` (`value`) VALUES ('voluptatem');
INSERT IGNORE INTO `visibility` (`value`) VALUES ('voluptates');
INSERT IGNORE INTO `visibility` (`value`) VALUES ('voluptatibus');
INSERT IGNORE INTO `visibility` (`value`) VALUES ('voluptatum');

-- Заносим данные "posts_media"
INSERT IGNORE INTO `posts_media` (`post_id`, `media_id`, `created_at`, `updated_at`) VALUES (0, 2, '1976-09-06 20:38:19', '1976-08-27 09:13:54');
INSERT IGNORE INTO `posts_media` (`post_id`, `media_id`, `created_at`, `updated_at`) VALUES (0, 3, '1974-05-13 02:14:37', '2011-07-22 06:35:50');
INSERT IGNORE INTO `posts_media` (`post_id`, `media_id`, `created_at`, `updated_at`) VALUES (0, 4, '1997-05-04 08:39:09', '2012-12-30 23:02:26');
INSERT IGNORE INTO `posts_media` (`post_id`, `media_id`, `created_at`, `updated_at`) VALUES (0, 5, '2006-09-16 12:41:39', '1975-07-08 12:58:51');
INSERT IGNORE INTO `posts_media` (`post_id`, `media_id`, `created_at`, `updated_at`) VALUES (0, 6, '1985-04-02 18:32:54', '1978-10-05 23:20:08');
INSERT IGNORE INTO `posts_media` (`post_id`, `media_id`, `created_at`, `updated_at`) VALUES (0, 9, '1970-05-27 23:59:50', '1980-01-03 21:36:40');
INSERT IGNORE INTO `posts_media` (`post_id`, `media_id`, `created_at`, `updated_at`) VALUES (1, 0, '2019-03-25 07:05:11', '2017-03-11 08:48:08');
INSERT IGNORE INTO `posts_media` (`post_id`, `media_id`, `created_at`, `updated_at`) VALUES (1, 1, '1976-10-04 15:18:28', '2017-12-21 15:07:45');
INSERT IGNORE INTO `posts_media` (`post_id`, `media_id`, `created_at`, `updated_at`) VALUES (1, 3, '1975-01-16 17:38:55', '2012-01-19 14:24:18');
INSERT IGNORE INTO `posts_media` (`post_id`, `media_id`, `created_at`, `updated_at`) VALUES (1, 5, '1975-11-18 05:21:34', '2015-08-27 16:18:58');
INSERT IGNORE INTO `posts_media` (`post_id`, `media_id`, `created_at`, `updated_at`) VALUES (1, 6, '1989-03-20 20:07:06', '1992-09-02 01:59:56');
INSERT IGNORE INTO `posts_media` (`post_id`, `media_id`, `created_at`, `updated_at`) VALUES (2, 2, '1980-01-11 00:34:58', '2021-06-01 23:39:36');
INSERT IGNORE INTO `posts_media` (`post_id`, `media_id`, `created_at`, `updated_at`) VALUES (2, 3, '1987-12-04 00:12:52', '1993-01-19 13:46:56');
INSERT IGNORE INTO `posts_media` (`post_id`, `media_id`, `created_at`, `updated_at`) VALUES (2, 4, '1977-07-24 17:55:59', '1983-04-20 05:35:21');
INSERT IGNORE INTO `posts_media` (`post_id`, `media_id`, `created_at`, `updated_at`) VALUES (2, 8, '1982-12-21 20:17:28', '1990-04-07 12:02:21');
INSERT IGNORE INTO `posts_media` (`post_id`, `media_id`, `created_at`, `updated_at`) VALUES (3, 0, '2008-02-23 04:39:52', '2007-05-29 01:29:44');
INSERT IGNORE INTO `posts_media` (`post_id`, `media_id`, `created_at`, `updated_at`) VALUES (3, 1, '1987-03-30 16:30:04', '2013-04-26 06:17:28');
INSERT IGNORE INTO `posts_media` (`post_id`, `media_id`, `created_at`, `updated_at`) VALUES (3, 2, '1979-11-27 11:55:02', '1991-10-19 01:46:13');
INSERT IGNORE INTO `posts_media` (`post_id`, `media_id`, `created_at`, `updated_at`) VALUES (3, 4, '1993-03-25 16:24:35', '2020-05-02 06:50:56');
INSERT IGNORE INTO `posts_media` (`post_id`, `media_id`, `created_at`, `updated_at`) VALUES (3, 6, '2016-06-23 00:41:16', '1972-04-23 00:41:30');
INSERT IGNORE INTO `posts_media` (`post_id`, `media_id`, `created_at`, `updated_at`) VALUES (3, 8, '2021-05-21 15:05:13', '2017-03-24 18:06:18');
INSERT IGNORE INTO `posts_media` (`post_id`, `media_id`, `created_at`, `updated_at`) VALUES (4, 0, '1987-03-19 03:17:01', '2015-06-06 16:29:37');
INSERT IGNORE INTO `posts_media` (`post_id`, `media_id`, `created_at`, `updated_at`) VALUES (4, 1, '2020-07-08 11:40:48', '2004-05-21 12:18:30');
INSERT IGNORE INTO `posts_media` (`post_id`, `media_id`, `created_at`, `updated_at`) VALUES (4, 2, '1988-06-13 04:12:24', '1982-09-20 19:03:44');
INSERT IGNORE INTO `posts_media` (`post_id`, `media_id`, `created_at`, `updated_at`) VALUES (4, 5, '1981-09-05 22:09:21', '1984-02-29 08:18:42');
INSERT IGNORE INTO `posts_media` (`post_id`, `media_id`, `created_at`, `updated_at`) VALUES (4, 7, '1975-04-18 23:41:27', '2013-12-12 13:51:32');
INSERT IGNORE INTO `posts_media` (`post_id`, `media_id`, `created_at`, `updated_at`) VALUES (4, 9, '2003-03-14 23:38:15', '1978-07-13 08:48:05');
INSERT IGNORE INTO `posts_media` (`post_id`, `media_id`, `created_at`, `updated_at`) VALUES (5, 0, '2008-04-29 05:21:41', '1983-12-29 23:01:37');
INSERT IGNORE INTO `posts_media` (`post_id`, `media_id`, `created_at`, `updated_at`) VALUES (5, 1, '1999-04-24 18:39:19', '2010-01-03 08:21:51');
INSERT IGNORE INTO `posts_media` (`post_id`, `media_id`, `created_at`, `updated_at`) VALUES (5, 2, '2011-07-26 08:17:48', '2001-12-16 07:58:07');
INSERT IGNORE INTO `posts_media` (`post_id`, `media_id`, `created_at`, `updated_at`) VALUES (5, 4, '1994-09-29 04:00:46', '1989-07-22 04:42:37');
INSERT IGNORE INTO `posts_media` (`post_id`, `media_id`, `created_at`, `updated_at`) VALUES (5, 6, '1993-10-22 12:49:00', '2021-03-23 19:43:01');
INSERT IGNORE INTO `posts_media` (`post_id`, `media_id`, `created_at`, `updated_at`) VALUES (5, 8, '1980-12-25 07:16:30', '1980-11-13 00:42:55');
INSERT IGNORE INTO `posts_media` (`post_id`, `media_id`, `created_at`, `updated_at`) VALUES (6, 1, '1973-07-18 05:33:45', '2013-01-18 03:56:58');
INSERT IGNORE INTO `posts_media` (`post_id`, `media_id`, `created_at`, `updated_at`) VALUES (6, 2, '1979-07-09 07:32:16', '1978-08-01 23:06:32');
INSERT IGNORE INTO `posts_media` (`post_id`, `media_id`, `created_at`, `updated_at`) VALUES (6, 3, '1982-07-03 22:49:05', '2001-02-08 11:55:59');
INSERT IGNORE INTO `posts_media` (`post_id`, `media_id`, `created_at`, `updated_at`) VALUES (6, 4, '2010-05-27 18:47:25', '1979-09-28 01:21:36');
INSERT IGNORE INTO `posts_media` (`post_id`, `media_id`, `created_at`, `updated_at`) VALUES (6, 5, '1970-10-09 22:09:19', '1984-06-04 06:58:28');
INSERT IGNORE INTO `posts_media` (`post_id`, `media_id`, `created_at`, `updated_at`) VALUES (6, 6, '2004-02-15 15:41:05', '1995-07-14 17:24:17');
INSERT IGNORE INTO `posts_media` (`post_id`, `media_id`, `created_at`, `updated_at`) VALUES (6, 7, '1982-05-27 22:55:00', '1980-08-19 18:07:40');
INSERT IGNORE INTO `posts_media` (`post_id`, `media_id`, `created_at`, `updated_at`) VALUES (7, 1, '1992-03-29 03:35:22', '2017-02-15 05:23:35');
INSERT IGNORE INTO `posts_media` (`post_id`, `media_id`, `created_at`, `updated_at`) VALUES (7, 2, '1985-02-10 12:56:03', '1999-06-18 17:53:13');
INSERT IGNORE INTO `posts_media` (`post_id`, `media_id`, `created_at`, `updated_at`) VALUES (7, 3, '2019-08-14 08:36:13', '2008-09-28 06:58:58');
INSERT IGNORE INTO `posts_media` (`post_id`, `media_id`, `created_at`, `updated_at`) VALUES (7, 4, '1993-09-27 10:06:04', '1995-04-12 10:43:21');
INSERT IGNORE INTO `posts_media` (`post_id`, `media_id`, `created_at`, `updated_at`) VALUES (7, 5, '1991-03-13 01:46:28', '1994-01-22 02:56:13');
INSERT IGNORE INTO `posts_media` (`post_id`, `media_id`, `created_at`, `updated_at`) VALUES (7, 6, '2004-07-03 06:47:57', '1989-02-10 22:51:14');
INSERT IGNORE INTO `posts_media` (`post_id`, `media_id`, `created_at`, `updated_at`) VALUES (7, 7, '2013-09-24 23:22:21', '1982-12-20 11:26:07');
INSERT IGNORE INTO `posts_media` (`post_id`, `media_id`, `created_at`, `updated_at`) VALUES (7, 8, '1984-02-26 09:22:03', '1970-06-09 20:55:40');
INSERT IGNORE INTO `posts_media` (`post_id`, `media_id`, `created_at`, `updated_at`) VALUES (7, 9, '1985-03-12 22:50:46', '1971-07-30 04:38:11');
INSERT IGNORE INTO `posts_media` (`post_id`, `media_id`, `created_at`, `updated_at`) VALUES (8, 1, '1980-11-02 09:06:16', '1974-04-04 08:39:23');
INSERT IGNORE INTO `posts_media` (`post_id`, `media_id`, `created_at`, `updated_at`) VALUES (8, 2, '2012-08-31 06:01:47', '1998-01-31 08:18:00');
INSERT IGNORE INTO `posts_media` (`post_id`, `media_id`, `created_at`, `updated_at`) VALUES (8, 3, '2006-06-11 00:46:21', '1993-12-22 08:52:36');
INSERT IGNORE INTO `posts_media` (`post_id`, `media_id`, `created_at`, `updated_at`) VALUES (8, 5, '2014-09-12 15:07:17', '1998-07-07 23:20:22');
INSERT IGNORE INTO `posts_media` (`post_id`, `media_id`, `created_at`, `updated_at`) VALUES (8, 6, '1990-03-18 17:28:03', '2020-01-22 06:22:48');
INSERT IGNORE INTO `posts_media` (`post_id`, `media_id`, `created_at`, `updated_at`) VALUES (8, 9, '1980-06-12 20:05:08', '1987-11-23 07:03:06');
INSERT IGNORE INTO `posts_media` (`post_id`, `media_id`, `created_at`, `updated_at`) VALUES (9, 0, '2000-04-15 10:05:24', '1976-06-06 16:55:20');
INSERT IGNORE INTO `posts_media` (`post_id`, `media_id`, `created_at`, `updated_at`) VALUES (9, 1, '1994-03-02 21:20:05', '1972-05-28 10:26:11');
INSERT IGNORE INTO `posts_media` (`post_id`, `media_id`, `created_at`, `updated_at`) VALUES (9, 3, '1998-12-17 03:10:49', '1993-02-10 12:57:55');
INSERT IGNORE INTO `posts_media` (`post_id`, `media_id`, `created_at`, `updated_at`) VALUES (9, 6, '2005-09-18 16:13:54', '2003-02-08 00:59:03');
INSERT IGNORE INTO `posts_media` (`post_id`, `media_id`, `created_at`, `updated_at`) VALUES (9, 7, '1990-02-12 12:25:57', '1996-05-09 01:04:57');
INSERT IGNORE INTO `posts_media` (`post_id`, `media_id`, `created_at`, `updated_at`) VALUES (9, 8, '2008-12-02 09:21:53', '1983-08-07 15:21:16');

-- Заносим данные "likes"
INSERT IGNORE INTO `likes` (`id`, `from_user_id`, `entity_id`, `entity_name`, `created_at`, `updated_at`) VALUES (1, 3, 7, 'dolorem', '1979-03-06 14:58:02', '1978-04-26 06:43:55');
INSERT IGNORE INTO `likes` (`id`, `from_user_id`, `entity_id`, `entity_name`, `created_at`, `updated_at`) VALUES (2, 8, 6, 'consequatur', '2016-11-06 05:41:07', '1980-07-25 20:54:24');
INSERT IGNORE INTO `likes` (`id`, `from_user_id`, `entity_id`, `entity_name`, `created_at`, `updated_at`) VALUES (3, 9, 3, 'animi', '2012-06-03 05:48:48', '2008-08-16 01:28:05');
INSERT IGNORE INTO `likes` (`id`, `from_user_id`, `entity_id`, `entity_name`, `created_at`, `updated_at`) VALUES (4, 4, 7, 'autem', '2005-07-15 14:11:41', '1990-01-30 12:10:22');
INSERT IGNORE INTO `likes` (`id`, `from_user_id`, `entity_id`, `entity_name`, `created_at`, `updated_at`) VALUES (5, 0, 7, 'et', '2001-03-30 15:09:00', '1989-08-11 22:09:32');
INSERT IGNORE INTO `likes` (`id`, `from_user_id`, `entity_id`, `entity_name`, `created_at`, `updated_at`) VALUES (6, 6, 6, 'optio', '1982-12-05 01:35:40', '2010-06-29 23:31:42');
INSERT IGNORE INTO `likes` (`id`, `from_user_id`, `entity_id`, `entity_name`, `created_at`, `updated_at`) VALUES (7, 9, 1, 'facere', '1995-02-07 09:05:53', '1986-05-31 05:00:29');
INSERT IGNORE INTO `likes` (`id`, `from_user_id`, `entity_id`, `entity_name`, `created_at`, `updated_at`) VALUES (8, 6, 3, 'facilis', '1996-05-10 15:06:57', '2015-05-01 21:45:53');
INSERT IGNORE INTO `likes` (`id`, `from_user_id`, `entity_id`, `entity_name`, `created_at`, `updated_at`) VALUES (9, 7, 4, 'quae', '2020-02-13 12:15:36', '2012-01-03 23:40:40');
INSERT IGNORE INTO `likes` (`id`, `from_user_id`, `entity_id`, `entity_name`, `created_at`, `updated_at`) VALUES (10, 2, 9, 'rem', '1978-05-25 07:47:53', '1994-08-05 06:22:50');
INSERT IGNORE INTO `likes` (`id`, `from_user_id`, `entity_id`, `entity_name`, `created_at`, `updated_at`) VALUES (11, 3, 5, 'eum', '1988-03-26 00:28:26', '2003-08-12 00:36:13');
INSERT IGNORE INTO `likes` (`id`, `from_user_id`, `entity_id`, `entity_name`, `created_at`, `updated_at`) VALUES (12, 2, 6, 'esse', '2001-07-03 02:00:50', '2003-11-05 03:06:56');
INSERT IGNORE INTO `likes` (`id`, `from_user_id`, `entity_id`, `entity_name`, `created_at`, `updated_at`) VALUES (13, 4, 2, 'aspernatur', '1974-08-07 22:02:41', '1998-10-05 02:53:32');
INSERT IGNORE INTO `likes` (`id`, `from_user_id`, `entity_id`, `entity_name`, `created_at`, `updated_at`) VALUES (14, 6, 2, 'cum', '2015-01-22 07:03:00', '1977-11-13 01:37:05');
INSERT IGNORE INTO `likes` (`id`, `from_user_id`, `entity_id`, `entity_name`, `created_at`, `updated_at`) VALUES (15, 4, 5, 'sapiente', '2002-03-07 17:50:45', '1996-06-28 23:16:00');
INSERT IGNORE INTO `likes` (`id`, `from_user_id`, `entity_id`, `entity_name`, `created_at`, `updated_at`) VALUES (16, 6, 7, 'expedita', '1979-02-26 14:58:40', '1979-04-20 14:42:03');
INSERT IGNORE INTO `likes` (`id`, `from_user_id`, `entity_id`, `entity_name`, `created_at`, `updated_at`) VALUES (17, 0, 7, 'iure', '1978-05-19 09:27:52', '1975-10-31 14:01:35');
INSERT IGNORE INTO `likes` (`id`, `from_user_id`, `entity_id`, `entity_name`, `created_at`, `updated_at`) VALUES (18, 7, 3, 'itaque', '1980-08-14 17:40:37', '2003-10-17 13:43:53');
INSERT IGNORE INTO `likes` (`id`, `from_user_id`, `entity_id`, `entity_name`, `created_at`, `updated_at`) VALUES (19, 1, 0, 'expedita', '1999-10-25 02:50:51', '1992-09-29 12:46:31');
INSERT IGNORE INTO `likes` (`id`, `from_user_id`, `entity_id`, `entity_name`, `created_at`, `updated_at`) VALUES (20, 2, 6, 'eum', '2001-09-25 05:16:55', '1984-08-23 04:58:39');
INSERT IGNORE INTO `likes` (`id`, `from_user_id`, `entity_id`, `entity_name`, `created_at`, `updated_at`) VALUES (21, 8, 2, 'quo', '1976-01-30 09:05:54', '1978-07-04 22:45:36');
INSERT IGNORE INTO `likes` (`id`, `from_user_id`, `entity_id`, `entity_name`, `created_at`, `updated_at`) VALUES (22, 7, 9, 'earum', '2004-02-04 03:13:58', '2001-07-24 22:45:14');
INSERT IGNORE INTO `likes` (`id`, `from_user_id`, `entity_id`, `entity_name`, `created_at`, `updated_at`) VALUES (23, 8, 6, 'asperiores', '2004-10-04 16:14:09', '2017-08-06 03:10:09');
INSERT IGNORE INTO `likes` (`id`, `from_user_id`, `entity_id`, `entity_name`, `created_at`, `updated_at`) VALUES (24, 6, 1, 'voluptatem', '1997-11-07 08:13:46', '2010-03-06 23:39:39');
INSERT IGNORE INTO `likes` (`id`, `from_user_id`, `entity_id`, `entity_name`, `created_at`, `updated_at`) VALUES (25, 9, 4, 'commodi', '2014-12-21 04:52:13', '1991-08-25 08:56:17');
INSERT IGNORE INTO `likes` (`id`, `from_user_id`, `entity_id`, `entity_name`, `created_at`, `updated_at`) VALUES (26, 4, 4, 'aut', '1978-07-30 10:53:31', '2004-05-31 12:20:27');
INSERT IGNORE INTO `likes` (`id`, `from_user_id`, `entity_id`, `entity_name`, `created_at`, `updated_at`) VALUES (27, 3, 0, 'deleniti', '2010-06-09 22:25:12', '2019-07-19 00:27:40');
INSERT IGNORE INTO `likes` (`id`, `from_user_id`, `entity_id`, `entity_name`, `created_at`, `updated_at`) VALUES (28, 4, 2, 'ratione', '1976-11-04 06:23:22', '1998-06-13 23:43:55');
INSERT IGNORE INTO `likes` (`id`, `from_user_id`, `entity_id`, `entity_name`, `created_at`, `updated_at`) VALUES (29, 0, 3, 'est', '1986-03-18 22:19:56', '1998-08-27 01:48:12');
INSERT IGNORE INTO `likes` (`id`, `from_user_id`, `entity_id`, `entity_name`, `created_at`, `updated_at`) VALUES (30, 4, 6, 'est', '1986-02-27 17:12:00', '1983-02-26 20:26:02');
INSERT IGNORE INTO `likes` (`id`, `from_user_id`, `entity_id`, `entity_name`, `created_at`, `updated_at`) VALUES (31, 0, 1, 'qui', '1987-02-20 05:26:34', '2015-12-10 17:21:54');
INSERT IGNORE INTO `likes` (`id`, `from_user_id`, `entity_id`, `entity_name`, `created_at`, `updated_at`) VALUES (32, 6, 1, 'qui', '2003-02-04 23:16:09', '2017-08-17 10:23:44');
INSERT IGNORE INTO `likes` (`id`, `from_user_id`, `entity_id`, `entity_name`, `created_at`, `updated_at`) VALUES (33, 4, 6, 'occaecati', '2006-02-21 20:37:22', '1979-12-11 06:48:12');
INSERT IGNORE INTO `likes` (`id`, `from_user_id`, `entity_id`, `entity_name`, `created_at`, `updated_at`) VALUES (34, 5, 5, 'quis', '2020-07-15 10:53:11', '2000-02-29 11:37:14');
INSERT IGNORE INTO `likes` (`id`, `from_user_id`, `entity_id`, `entity_name`, `created_at`, `updated_at`) VALUES (35, 6, 6, 'temporibus', '2002-02-14 05:32:59', '2013-05-26 18:09:26');
INSERT IGNORE INTO `likes` (`id`, `from_user_id`, `entity_id`, `entity_name`, `created_at`, `updated_at`) VALUES (36, 3, 0, 'reiciendis', '2001-02-14 17:26:07', '2015-08-27 23:49:24');
INSERT IGNORE INTO `likes` (`id`, `from_user_id`, `entity_id`, `entity_name`, `created_at`, `updated_at`) VALUES (37, 1, 7, 'architecto', '2000-12-21 09:53:07', '2018-07-12 18:53:24');
INSERT IGNORE INTO `likes` (`id`, `from_user_id`, `entity_id`, `entity_name`, `created_at`, `updated_at`) VALUES (38, 4, 8, 'qui', '1980-01-28 04:10:34', '1980-07-11 19:33:43');
INSERT IGNORE INTO `likes` (`id`, `from_user_id`, `entity_id`, `entity_name`, `created_at`, `updated_at`) VALUES (39, 4, 8, 'quibusdam', '1978-10-11 20:17:32', '1996-10-02 02:11:49');
INSERT IGNORE INTO `likes` (`id`, `from_user_id`, `entity_id`, `entity_name`, `created_at`, `updated_at`) VALUES (40, 6, 8, 'dolor', '1970-12-11 03:01:12', '2007-04-01 04:08:44');
INSERT IGNORE INTO `likes` (`id`, `from_user_id`, `entity_id`, `entity_name`, `created_at`, `updated_at`) VALUES (41, 1, 1, 'nesciunt', '1999-10-01 23:09:05', '1982-11-11 10:35:17');
INSERT IGNORE INTO `likes` (`id`, `from_user_id`, `entity_id`, `entity_name`, `created_at`, `updated_at`) VALUES (42, 3, 6, 'et', '1986-08-01 01:02:57', '2000-11-04 09:33:01');
INSERT IGNORE INTO `likes` (`id`, `from_user_id`, `entity_id`, `entity_name`, `created_at`, `updated_at`) VALUES (43, 5, 9, 'tenetur', '1981-07-19 22:24:46', '2004-12-09 20:11:22');
INSERT IGNORE INTO `likes` (`id`, `from_user_id`, `entity_id`, `entity_name`, `created_at`, `updated_at`) VALUES (44, 0, 9, 'veritatis', '2002-01-15 18:32:21', '2003-10-31 01:56:24');
INSERT IGNORE INTO `likes` (`id`, `from_user_id`, `entity_id`, `entity_name`, `created_at`, `updated_at`) VALUES (45, 6, 4, 'nulla', '1982-12-13 04:11:01', '1974-11-04 12:38:45');
INSERT IGNORE INTO `likes` (`id`, `from_user_id`, `entity_id`, `entity_name`, `created_at`, `updated_at`) VALUES (46, 2, 6, 'nulla', '2020-04-18 15:30:40', '2001-08-22 08:30:53');
INSERT IGNORE INTO `likes` (`id`, `from_user_id`, `entity_id`, `entity_name`, `created_at`, `updated_at`) VALUES (47, 7, 3, 'totam', '1971-05-11 07:34:55', '2008-05-31 08:03:13');
INSERT IGNORE INTO `likes` (`id`, `from_user_id`, `entity_id`, `entity_name`, `created_at`, `updated_at`) VALUES (48, 4, 2, 'est', '1981-05-29 11:33:45', '2018-05-14 03:14:50');
INSERT IGNORE INTO `likes` (`id`, `from_user_id`, `entity_id`, `entity_name`, `created_at`, `updated_at`) VALUES (49, 6, 3, 'aut', '2020-10-19 11:33:38', '1970-06-23 09:13:29');
INSERT IGNORE INTO `likes` (`id`, `from_user_id`, `entity_id`, `entity_name`, `created_at`, `updated_at`) VALUES (50, 7, 4, 'quisquam', '1992-12-13 23:44:06', '2005-09-01 02:27:35');
INSERT IGNORE INTO `likes` (`id`, `from_user_id`, `entity_id`, `entity_name`, `created_at`, `updated_at`) VALUES (51, 4, 8, 'molestiae', '1994-05-21 18:07:35', '2016-01-10 18:12:30');
INSERT IGNORE INTO `likes` (`id`, `from_user_id`, `entity_id`, `entity_name`, `created_at`, `updated_at`) VALUES (52, 2, 4, 'eum', '1977-10-17 16:42:05', '1982-12-26 20:36:45');
INSERT IGNORE INTO `likes` (`id`, `from_user_id`, `entity_id`, `entity_name`, `created_at`, `updated_at`) VALUES (53, 0, 8, 'aut', '2003-02-08 15:23:56', '2003-12-17 10:16:44');
INSERT IGNORE INTO `likes` (`id`, `from_user_id`, `entity_id`, `entity_name`, `created_at`, `updated_at`) VALUES (54, 8, 5, 'pariatur', '1985-01-09 00:48:58', '1994-03-31 03:09:04');
INSERT IGNORE INTO `likes` (`id`, `from_user_id`, `entity_id`, `entity_name`, `created_at`, `updated_at`) VALUES (55, 0, 9, 'dolores', '1980-05-17 14:45:58', '1991-07-13 11:43:41');
INSERT IGNORE INTO `likes` (`id`, `from_user_id`, `entity_id`, `entity_name`, `created_at`, `updated_at`) VALUES (56, 3, 4, 'ratione', '1994-03-15 03:24:21', '1991-05-10 13:58:18');
INSERT IGNORE INTO `likes` (`id`, `from_user_id`, `entity_id`, `entity_name`, `created_at`, `updated_at`) VALUES (57, 7, 1, 'fugiat', '2020-07-06 20:22:08', '2016-10-09 09:52:05');
INSERT IGNORE INTO `likes` (`id`, `from_user_id`, `entity_id`, `entity_name`, `created_at`, `updated_at`) VALUES (58, 3, 6, 'voluptas', '1996-03-06 02:50:28', '2008-05-11 00:57:42');
INSERT IGNORE INTO `likes` (`id`, `from_user_id`, `entity_id`, `entity_name`, `created_at`, `updated_at`) VALUES (59, 0, 8, 'ut', '2018-05-31 19:19:55', '2002-11-28 09:47:16');
INSERT IGNORE INTO `likes` (`id`, `from_user_id`, `entity_id`, `entity_name`, `created_at`, `updated_at`) VALUES (60, 2, 9, 'autem', '1980-03-15 11:23:02', '1984-05-13 13:56:32');
INSERT IGNORE INTO `likes` (`id`, `from_user_id`, `entity_id`, `entity_name`, `created_at`, `updated_at`) VALUES (61, 4, 1, 'exercitationem', '1993-12-04 05:05:53', '2015-11-30 05:07:17');
INSERT IGNORE INTO `likes` (`id`, `from_user_id`, `entity_id`, `entity_name`, `created_at`, `updated_at`) VALUES (62, 8, 1, 'perferendis', '1976-01-20 04:25:16', '2008-02-03 03:56:23');
INSERT IGNORE INTO `likes` (`id`, `from_user_id`, `entity_id`, `entity_name`, `created_at`, `updated_at`) VALUES (63, 5, 3, 'iusto', '2008-07-28 18:14:01', '1989-08-25 15:04:10');
INSERT IGNORE INTO `likes` (`id`, `from_user_id`, `entity_id`, `entity_name`, `created_at`, `updated_at`) VALUES (64, 2, 3, 'sed', '2020-01-20 09:58:42', '1976-08-30 12:20:26');
INSERT IGNORE INTO `likes` (`id`, `from_user_id`, `entity_id`, `entity_name`, `created_at`, `updated_at`) VALUES (65, 8, 2, 'minus', '2003-02-11 09:13:15', '2007-01-07 17:52:49');
INSERT IGNORE INTO `likes` (`id`, `from_user_id`, `entity_id`, `entity_name`, `created_at`, `updated_at`) VALUES (66, 8, 8, 'inventore', '2020-04-09 15:12:51', '1996-05-11 15:46:16');
INSERT IGNORE INTO `likes` (`id`, `from_user_id`, `entity_id`, `entity_name`, `created_at`, `updated_at`) VALUES (67, 0, 7, 'dolor', '2012-07-31 00:21:03', '1999-01-30 09:28:04');
INSERT IGNORE INTO `likes` (`id`, `from_user_id`, `entity_id`, `entity_name`, `created_at`, `updated_at`) VALUES (68, 9, 6, 'porro', '2013-10-06 18:32:55', '1973-08-14 00:16:32');
INSERT IGNORE INTO `likes` (`id`, `from_user_id`, `entity_id`, `entity_name`, `created_at`, `updated_at`) VALUES (69, 3, 8, 'quia', '2000-04-20 10:10:53', '1982-10-20 07:56:22');
INSERT IGNORE INTO `likes` (`id`, `from_user_id`, `entity_id`, `entity_name`, `created_at`, `updated_at`) VALUES (70, 4, 8, 'est', '1972-08-24 12:43:31', '1993-02-19 10:21:32');
INSERT IGNORE INTO `likes` (`id`, `from_user_id`, `entity_id`, `entity_name`, `created_at`, `updated_at`) VALUES (71, 7, 7, 'nam', '2002-11-12 07:37:47', '1988-10-04 05:56:00');
INSERT IGNORE INTO `likes` (`id`, `from_user_id`, `entity_id`, `entity_name`, `created_at`, `updated_at`) VALUES (72, 2, 7, 'cupiditate', '2012-07-27 10:30:06', '1994-09-12 06:01:09');
INSERT IGNORE INTO `likes` (`id`, `from_user_id`, `entity_id`, `entity_name`, `created_at`, `updated_at`) VALUES (73, 0, 4, 'autem', '2002-10-31 23:51:35', '2015-12-09 22:26:28');
INSERT IGNORE INTO `likes` (`id`, `from_user_id`, `entity_id`, `entity_name`, `created_at`, `updated_at`) VALUES (74, 4, 7, 'et', '1993-08-02 00:34:06', '2018-01-29 12:25:46');
INSERT IGNORE INTO `likes` (`id`, `from_user_id`, `entity_id`, `entity_name`, `created_at`, `updated_at`) VALUES (75, 5, 8, 'quasi', '1985-08-17 15:25:55', '2013-04-12 21:47:23');
INSERT IGNORE INTO `likes` (`id`, `from_user_id`, `entity_id`, `entity_name`, `created_at`, `updated_at`) VALUES (76, 3, 7, 'quisquam', '1983-02-01 11:10:50', '1988-04-12 13:39:29');
INSERT IGNORE INTO `likes` (`id`, `from_user_id`, `entity_id`, `entity_name`, `created_at`, `updated_at`) VALUES (77, 5, 8, 'pariatur', '2013-06-09 04:35:45', '1975-11-29 16:56:05');
INSERT IGNORE INTO `likes` (`id`, `from_user_id`, `entity_id`, `entity_name`, `created_at`, `updated_at`) VALUES (78, 4, 0, 'odit', '1974-10-29 20:08:20', '1970-11-25 07:11:54');
INSERT IGNORE INTO `likes` (`id`, `from_user_id`, `entity_id`, `entity_name`, `created_at`, `updated_at`) VALUES (79, 9, 7, 'temporibus', '1996-06-12 01:37:39', '1984-06-17 22:28:53');
INSERT IGNORE INTO `likes` (`id`, `from_user_id`, `entity_id`, `entity_name`, `created_at`, `updated_at`) VALUES (80, 8, 0, 'adipisci', '1999-08-25 07:27:14', '1980-10-15 05:17:18');
INSERT IGNORE INTO `likes` (`id`, `from_user_id`, `entity_id`, `entity_name`, `created_at`, `updated_at`) VALUES (81, 2, 4, 'explicabo', '2015-03-22 11:15:59', '2003-12-16 06:23:37');
INSERT IGNORE INTO `likes` (`id`, `from_user_id`, `entity_id`, `entity_name`, `created_at`, `updated_at`) VALUES (82, 4, 8, 'nostrum', '1995-12-19 23:43:55', '1995-08-13 10:44:16');
INSERT IGNORE INTO `likes` (`id`, `from_user_id`, `entity_id`, `entity_name`, `created_at`, `updated_at`) VALUES (83, 7, 0, 'consectetur', '1995-04-03 23:14:53', '1977-07-12 21:50:38');
INSERT IGNORE INTO `likes` (`id`, `from_user_id`, `entity_id`, `entity_name`, `created_at`, `updated_at`) VALUES (84, 5, 0, 'aut', '1987-09-17 18:48:37', '2018-09-29 23:34:32');
INSERT IGNORE INTO `likes` (`id`, `from_user_id`, `entity_id`, `entity_name`, `created_at`, `updated_at`) VALUES (85, 7, 0, 'accusantium', '1975-01-28 10:06:04', '2010-07-09 12:54:53');
INSERT IGNORE INTO `likes` (`id`, `from_user_id`, `entity_id`, `entity_name`, `created_at`, `updated_at`) VALUES (86, 1, 3, 'ipsa', '2009-03-11 14:48:53', '1996-08-09 12:19:40');
INSERT IGNORE INTO `likes` (`id`, `from_user_id`, `entity_id`, `entity_name`, `created_at`, `updated_at`) VALUES (87, 8, 5, 'molestiae', '1974-01-19 00:12:14', '2002-07-24 05:21:05');
INSERT IGNORE INTO `likes` (`id`, `from_user_id`, `entity_id`, `entity_name`, `created_at`, `updated_at`) VALUES (88, 3, 9, 'autem', '1976-03-12 21:00:15', '1978-09-16 18:01:01');
INSERT IGNORE INTO `likes` (`id`, `from_user_id`, `entity_id`, `entity_name`, `created_at`, `updated_at`) VALUES (89, 5, 4, 'voluptatem', '2000-01-06 19:33:36', '1975-11-20 03:59:39');
INSERT IGNORE INTO `likes` (`id`, `from_user_id`, `entity_id`, `entity_name`, `created_at`, `updated_at`) VALUES (90, 7, 7, 'enim', '2016-07-17 05:34:02', '1984-05-02 18:50:40');
INSERT IGNORE INTO `likes` (`id`, `from_user_id`, `entity_id`, `entity_name`, `created_at`, `updated_at`) VALUES (91, 2, 5, 'veritatis', '1989-07-29 10:42:18', '2007-12-23 16:41:33');
INSERT IGNORE INTO `likes` (`id`, `from_user_id`, `entity_id`, `entity_name`, `created_at`, `updated_at`) VALUES (92, 4, 8, 'ratione', '2012-01-03 11:18:51', '1970-02-19 15:35:31');
INSERT IGNORE INTO `likes` (`id`, `from_user_id`, `entity_id`, `entity_name`, `created_at`, `updated_at`) VALUES (93, 1, 5, 'error', '2001-09-10 14:37:44', '2014-08-16 07:32:05');
INSERT IGNORE INTO `likes` (`id`, `from_user_id`, `entity_id`, `entity_name`, `created_at`, `updated_at`) VALUES (94, 2, 5, 'ex', '2003-09-28 19:01:19', '2001-09-09 16:04:53');
INSERT IGNORE INTO `likes` (`id`, `from_user_id`, `entity_id`, `entity_name`, `created_at`, `updated_at`) VALUES (95, 0, 8, 'magnam', '2019-05-18 18:13:37', '1980-08-13 03:26:52');
INSERT IGNORE INTO `likes` (`id`, `from_user_id`, `entity_id`, `entity_name`, `created_at`, `updated_at`) VALUES (96, 3, 8, 'nesciunt', '1981-11-19 03:00:10', '2020-09-12 22:43:02');
INSERT IGNORE INTO `likes` (`id`, `from_user_id`, `entity_id`, `entity_name`, `created_at`, `updated_at`) VALUES (97, 2, 6, 'dolorum', '2005-10-05 01:55:32', '2019-10-17 00:57:59');
INSERT IGNORE INTO `likes` (`id`, `from_user_id`, `entity_id`, `entity_name`, `created_at`, `updated_at`) VALUES (98, 6, 7, 'nam', '1974-04-05 05:49:47', '1995-10-12 22:59:04');
INSERT IGNORE INTO `likes` (`id`, `from_user_id`, `entity_id`, `entity_name`, `created_at`, `updated_at`) VALUES (99, 8, 8, 'voluptate', '2001-07-30 19:09:32', '1975-01-13 03:51:11');
INSERT IGNORE INTO `likes` (`id`, `from_user_id`, `entity_id`, `entity_name`, `created_at`, `updated_at`) VALUES (100, 2, 9, 'dolore', '1988-09-28 20:35:29', '1999-06-28 02:15:38');
